GÉNERO,EDAD,VALOR,ATRIBUTO,MARCA
HOMBRE,22,7,SABOR,PILSENER
HOMBRE,22,7,SABOR,PILSENER
HOMBRE,22,8,SABOR,PILSENER
HOMBRE,20,10,SABOR,PILSENER
HOMBRE,20,8,SABOR,PILSENER
HOMBRE,20,3,SABOR,PILSENER
MUJER,21,3,SABOR,PILSENER
HOMBRE,21,7,SABOR,PILSENER
MUJER,20,7,SABOR,PILSENER
MUJER,20,5,SABOR,PILSENER
HOMBRE,20,8,SABOR,PILSENER
MUJER,20,7,SABOR,PILSENER
HOMBRE,20,7,SABOR,PILSENER
MUJER,20,5,SABOR,PILSENER
MUJER,19,4,SABOR,PILSENER
MUJER,18,3,SABOR,PILSENER
HOMBRE,19,8,SABOR,PILSENER
HOMBRE,18,1,SABOR,PILSENER
HOMBRE,26,8,SABOR,PILSENER
HOMBRE,24,9,SABOR,PILSENER
HOMBRE,24,5,SABOR,PILSENER
MUJER,20,10,SABOR,PILSENER
HOMBRE,18,7,SABOR,PILSENER
HOMBRE,19,8,SABOR,PILSENER
HOMBRE,19,7,SABOR,PILSENER
HOMBRE,19,5,SABOR,PILSENER
MUJER,19,6,SABOR,PILSENER
HOMBRE,25,5,SABOR,PILSENER
HOMBRE,19,6,SABOR,PILSENER
MUJER,19,9,SABOR,PILSENER
HOMBRE,20,7,SABOR,PILSENER
MUJER,19,7,SABOR,PILSENER
HOMBRE,20,2,SABOR,PILSENER
HOMBRE,19,3,SABOR,PILSENER
MUJER,18,8,SABOR,PILSENER
HOMBRE,19,10,SABOR,PILSENER
MUJER,18,3,SABOR,PILSENER
HOMBRE,20,3,SABOR,PILSENER
MUJER,24,7,SABOR,PILSENER
MUJER,22,8,SABOR,PILSENER
MUJER,18,8,SABOR,PILSENER
HOMBRE,25,7,SABOR,PILSENER
MUJER,24,6,SABOR,PILSENER
HOMBRE,18,8,SABOR,PILSENER
HOMBRE,24,7,SABOR,PILSENER
MUJER,19,2,SABOR,PILSENER
MUJER,23,7,SABOR,PILSENER
HOMBRE,24,9,SABOR,PILSENER
MUJER,25,10,SABOR,PILSENER
HOMBRE,25,8,SABOR,PILSENER
MUJER,25,8,SABOR,PILSENER
HOMBRE,25,7,SABOR,PILSENER
HOMBRE,22,9,SABOR,CLUB
HOMBRE,22,10,SABOR,CLUB
HOMBRE,22,9,SABOR,CLUB
HOMBRE,20,10,SABOR,CLUB
HOMBRE,20,10,SABOR,CLUB
HOMBRE,20,10,SABOR,CLUB
MUJER,21,7,SABOR,CLUB
HOMBRE,21,8,SABOR,CLUB
MUJER,20,9,SABOR,CLUB
MUJER,20,8,SABOR,CLUB
HOMBRE,20,9,SABOR,CLUB
MUJER,20,8,SABOR,CLUB
HOMBRE,20,8,SABOR,CLUB
MUJER,20,8,SABOR,CLUB
MUJER,19,5,SABOR,CLUB
MUJER,18,3,SABOR,CLUB
HOMBRE,19,7,SABOR,CLUB
HOMBRE,18,3,SABOR,CLUB
HOMBRE,26,10,SABOR,CLUB
HOMBRE,24,8,SABOR,CLUB
HOMBRE,24,8,SABOR,CLUB
MUJER,20,8,SABOR,CLUB
HOMBRE,18,8,SABOR,CLUB
HOMBRE,19,9,SABOR,CLUB
HOMBRE,19,10,SABOR,CLUB
HOMBRE,19,10,SABOR,CLUB
MUJER,19,9,SABOR,CLUB
HOMBRE,25,7,SABOR,CLUB
HOMBRE,19,6,SABOR,CLUB
MUJER,19,3,SABOR,CLUB
HOMBRE,20,8,SABOR,CLUB
MUJER,19,8,SABOR,CLUB
HOMBRE,20,5,SABOR,CLUB
HOMBRE,19,3,SABOR,CLUB
MUJER,18,8,SABOR,CLUB
HOMBRE,19,10,SABOR,CLUB
MUJER,18,7,SABOR,CLUB
HOMBRE,20,8,SABOR,CLUB
MUJER,24,9,SABOR,CLUB
MUJER,22,9,SABOR,CLUB
MUJER,18,6,SABOR,CLUB
HOMBRE,25,10,SABOR,CLUB
MUJER,24,8,SABOR,CLUB
HOMBRE,18,8,SABOR,CLUB
HOMBRE,24,8,SABOR,CLUB
MUJER,19,8,SABOR,CLUB
MUJER,23,8,SABOR,CLUB
HOMBRE,24,10,SABOR,CLUB
MUJER,25,10,SABOR,CLUB
HOMBRE,25,7,SABOR,CLUB
MUJER,25,9,SABOR,CLUB
HOMBRE,25,10,SABOR,CLUB
HOMBRE,22,4,SABOR,SIEMBRA
HOMBRE,22,4,SABOR,SIEMBRA
HOMBRE,22,5,SABOR,SIEMBRA
HOMBRE,20,7,SABOR,SIEMBRA
HOMBRE,20,6,SABOR,SIEMBRA
HOMBRE,20,4,SABOR,SIEMBRA
MUJER,21,8,SABOR,SIEMBRA
HOMBRE,21,5,SABOR,SIEMBRA
MUJER,20,1,SABOR,SIEMBRA
MUJER,20,3,SABOR,SIEMBRA
HOMBRE,20,1,SABOR,SIEMBRA
MUJER,20,6,SABOR,SIEMBRA
HOMBRE,20,5,SABOR,SIEMBRA
MUJER,20,4,SABOR,SIEMBRA
MUJER,19,3,SABOR,SIEMBRA
MUJER,18,3,SABOR,SIEMBRA
HOMBRE,19,7,SABOR,SIEMBRA
HOMBRE,18,1,SABOR,SIEMBRA
HOMBRE,26,5,SABOR,SIEMBRA
HOMBRE,24,6,SABOR,SIEMBRA
HOMBRE,24,2,SABOR,SIEMBRA
MUJER,20,9,SABOR,SIEMBRA
HOMBRE,18,6,SABOR,SIEMBRA
HOMBRE,19,2,SABOR,SIEMBRA
HOMBRE,19,4,SABOR,SIEMBRA
HOMBRE,19,2,SABOR,SIEMBRA
MUJER,19,3,SABOR,SIEMBRA
HOMBRE,25,5,SABOR,SIEMBRA
HOMBRE,19,7,SABOR,SIEMBRA
MUJER,19,1,SABOR,SIEMBRA
HOMBRE,20,7,SABOR,SIEMBRA
MUJER,19,5,SABOR,SIEMBRA
HOMBRE,20,1,SABOR,SIEMBRA
HOMBRE,19,6,SABOR,SIEMBRA
MUJER,18,8,SABOR,SIEMBRA
HOMBRE,19,2,SABOR,SIEMBRA
MUJER,18,2,SABOR,SIEMBRA
HOMBRE,20,4,SABOR,SIEMBRA
MUJER,24,6,SABOR,SIEMBRA
MUJER,22,7,SABOR,SIEMBRA
MUJER,18,7,SABOR,SIEMBRA
HOMBRE,25,4,SABOR,SIEMBRA
MUJER,24,5,SABOR,SIEMBRA
HOMBRE,18,8,SABOR,SIEMBRA
HOMBRE,24,5,SABOR,SIEMBRA
MUJER,19,1,SABOR,SIEMBRA
MUJER,23,5,SABOR,SIEMBRA
HOMBRE,24,6,SABOR,SIEMBRA
MUJER,25,10,SABOR,SIEMBRA
HOMBRE,25,1,SABOR,SIEMBRA
MUJER,25,5,SABOR,SIEMBRA
HOMBRE,25,4,SABOR,SIEMBRA
HOMBRE,22,9,SABOR,CORONA
HOMBRE,22,7,SABOR,CORONA
HOMBRE,22,10,SABOR,CORONA
HOMBRE,20,8,SABOR,CORONA
HOMBRE,20,9,SABOR,CORONA
HOMBRE,20,10,SABOR,CORONA
MUJER,21,9,SABOR,CORONA
HOMBRE,21,8,SABOR,CORONA
MUJER,20,8,SABOR,CORONA
MUJER,20,10,SABOR,CORONA
HOMBRE,20,9,SABOR,CORONA
MUJER,20,9,SABOR,CORONA
HOMBRE,20,9,SABOR,CORONA
MUJER,20,10,SABOR,CORONA
MUJER,19,8,SABOR,CORONA
MUJER,18,6,SABOR,CORONA
HOMBRE,19,10,SABOR,CORONA
HOMBRE,18,3,SABOR,CORONA
HOMBRE,26,9,SABOR,CORONA
HOMBRE,24,7,SABOR,CORONA
HOMBRE,24,9,SABOR,CORONA
MUJER,20,10,SABOR,CORONA
HOMBRE,18,7,SABOR,CORONA
HOMBRE,19,9,SABOR,CORONA
HOMBRE,19,8,SABOR,CORONA
HOMBRE,19,10,SABOR,CORONA
MUJER,19,10,SABOR,CORONA
HOMBRE,25,7,SABOR,CORONA
HOMBRE,19,9,SABOR,CORONA
MUJER,19,10,SABOR,CORONA
HOMBRE,20,9,SABOR,CORONA
MUJER,19,9,SABOR,CORONA
HOMBRE,20,5,SABOR,CORONA
HOMBRE,19,6,SABOR,CORONA
MUJER,18,8,SABOR,CORONA
HOMBRE,19,10,SABOR,CORONA
MUJER,18,9,SABOR,CORONA
HOMBRE,20,6,SABOR,CORONA
MUJER,24,10,SABOR,CORONA
MUJER,22,9,SABOR,CORONA
MUJER,18,5,SABOR,CORONA
HOMBRE,25,10,SABOR,CORONA
MUJER,24,9,SABOR,CORONA
HOMBRE,18,9,SABOR,CORONA
HOMBRE,24,7,SABOR,CORONA
MUJER,19,9,SABOR,CORONA
MUJER,23,7,SABOR,CORONA
HOMBRE,24,8,SABOR,CORONA
MUJER,25,10,SABOR,CORONA
HOMBRE,25,1,SABOR,CORONA
MUJER,25,10,SABOR,CORONA
HOMBRE,25,7,SABOR,CORONA
HOMBRE,22,8,SABOR,HEINEKEN
HOMBRE,22,9,SABOR,HEINEKEN
HOMBRE,22,9,SABOR,HEINEKEN
HOMBRE,20,8,SABOR,HEINEKEN
HOMBRE,20,9,SABOR,HEINEKEN
HOMBRE,20,9,SABOR,HEINEKEN
MUJER,21,10,SABOR,HEINEKEN
HOMBRE,21,7,SABOR,HEINEKEN
MUJER,20,8,SABOR,HEINEKEN
MUJER,20,8,SABOR,HEINEKEN
HOMBRE,20,9,SABOR,HEINEKEN
MUJER,20,8,SABOR,HEINEKEN
HOMBRE,20,9,SABOR,HEINEKEN
MUJER,20,8,SABOR,HEINEKEN
MUJER,19,8,SABOR,HEINEKEN
MUJER,18,10,SABOR,HEINEKEN
HOMBRE,19,6,SABOR,HEINEKEN
HOMBRE,18,2,SABOR,HEINEKEN
HOMBRE,26,7,SABOR,HEINEKEN
HOMBRE,24,8,SABOR,HEINEKEN
HOMBRE,24,6,SABOR,HEINEKEN
MUJER,20,9,SABOR,HEINEKEN
HOMBRE,18,7,SABOR,HEINEKEN
HOMBRE,19,9,SABOR,HEINEKEN
HOMBRE,19,10,SABOR,HEINEKEN
HOMBRE,19,4,SABOR,HEINEKEN
MUJER,19,10,SABOR,HEINEKEN
HOMBRE,25,7,SABOR,HEINEKEN
HOMBRE,19,8,SABOR,HEINEKEN
MUJER,19,8,SABOR,HEINEKEN
HOMBRE,20,8,SABOR,HEINEKEN
MUJER,19,9,SABOR,HEINEKEN
HOMBRE,20,7,SABOR,HEINEKEN
HOMBRE,19,10,SABOR,HEINEKEN
MUJER,18,8,SABOR,HEINEKEN
HOMBRE,19,5,SABOR,HEINEKEN
MUJER,18,9,SABOR,HEINEKEN
HOMBRE,20,7,SABOR,HEINEKEN
MUJER,24,9,SABOR,HEINEKEN
MUJER,22,10,SABOR,HEINEKEN
MUJER,18,5,SABOR,HEINEKEN
HOMBRE,25,9,SABOR,HEINEKEN
MUJER,24,9,SABOR,HEINEKEN
HOMBRE,18,8,SABOR,HEINEKEN
HOMBRE,24,6,SABOR,HEINEKEN
MUJER,19,9,SABOR,HEINEKEN
MUJER,23,8,SABOR,HEINEKEN
HOMBRE,24,9,SABOR,HEINEKEN
MUJER,25,10,SABOR,HEINEKEN
HOMBRE,25,8,SABOR,HEINEKEN
MUJER,25,10,SABOR,HEINEKEN
HOMBRE,25,7,SABOR,HEINEKEN
HOMBRE,22,7,CALIDAD DE INGREDIENTES,PILSENER
HOMBRE,22,7,CALIDAD DE INGREDIENTES,PILSENER
HOMBRE,22,5,CALIDAD DE INGREDIENTES,PILSENER
HOMBRE,20,10,CALIDAD DE INGREDIENTES,PILSENER
HOMBRE,20,6,CALIDAD DE INGREDIENTES,PILSENER
HOMBRE,20,2,CALIDAD DE INGREDIENTES,PILSENER
MUJER,21,4,CALIDAD DE INGREDIENTES,PILSENER
HOMBRE,21,7,CALIDAD DE INGREDIENTES,PILSENER
MUJER,20,8,CALIDAD DE INGREDIENTES,PILSENER
MUJER,20,7,CALIDAD DE INGREDIENTES,PILSENER
HOMBRE,20,7,CALIDAD DE INGREDIENTES,PILSENER
MUJER,20,7,CALIDAD DE INGREDIENTES,PILSENER
HOMBRE,20,7,CALIDAD DE INGREDIENTES,PILSENER
MUJER,20,5,CALIDAD DE INGREDIENTES,PILSENER
MUJER,19,3,CALIDAD DE INGREDIENTES,PILSENER
MUJER,18,4,CALIDAD DE INGREDIENTES,PILSENER
HOMBRE,19,7,CALIDAD DE INGREDIENTES,PILSENER
HOMBRE,18,2,CALIDAD DE INGREDIENTES,PILSENER
HOMBRE,26,9,CALIDAD DE INGREDIENTES,PILSENER
HOMBRE,24,9,CALIDAD DE INGREDIENTES,PILSENER
HOMBRE,24,7,CALIDAD DE INGREDIENTES,PILSENER
MUJER,20,10,CALIDAD DE INGREDIENTES,PILSENER
HOMBRE,18,7,CALIDAD DE INGREDIENTES,PILSENER
HOMBRE,19,8,CALIDAD DE INGREDIENTES,PILSENER
HOMBRE,19,7,CALIDAD DE INGREDIENTES,PILSENER
HOMBRE,19,3,CALIDAD DE INGREDIENTES,PILSENER
MUJER,19,7,CALIDAD DE INGREDIENTES,PILSENER
HOMBRE,25,5,CALIDAD DE INGREDIENTES,PILSENER
HOMBRE,19,7,CALIDAD DE INGREDIENTES,PILSENER
MUJER,19,10,CALIDAD DE INGREDIENTES,PILSENER
HOMBRE,20,8,CALIDAD DE INGREDIENTES,PILSENER
MUJER,19,9,CALIDAD DE INGREDIENTES,PILSENER
HOMBRE,20,3,CALIDAD DE INGREDIENTES,PILSENER
HOMBRE,19,4,CALIDAD DE INGREDIENTES,PILSENER
MUJER,18,8,CALIDAD DE INGREDIENTES,PILSENER
HOMBRE,19,10,CALIDAD DE INGREDIENTES,PILSENER
MUJER,18,5,CALIDAD DE INGREDIENTES,PILSENER
HOMBRE,20,3,CALIDAD DE INGREDIENTES,PILSENER
MUJER,24,7,CALIDAD DE INGREDIENTES,PILSENER
MUJER,22,10,CALIDAD DE INGREDIENTES,PILSENER
MUJER,18,9,CALIDAD DE INGREDIENTES,PILSENER
HOMBRE,25,3,CALIDAD DE INGREDIENTES,PILSENER
MUJER,24,6,CALIDAD DE INGREDIENTES,PILSENER
HOMBRE,18,8,CALIDAD DE INGREDIENTES,PILSENER
HOMBRE,24,8,CALIDAD DE INGREDIENTES,PILSENER
MUJER,19,3,CALIDAD DE INGREDIENTES,PILSENER
MUJER,23,7,CALIDAD DE INGREDIENTES,PILSENER
HOMBRE,24,7,CALIDAD DE INGREDIENTES,PILSENER
MUJER,25,9,CALIDAD DE INGREDIENTES,PILSENER
HOMBRE,25,1,CALIDAD DE INGREDIENTES,PILSENER
MUJER,25,7,CALIDAD DE INGREDIENTES,PILSENER
HOMBRE,25,6,CALIDAD DE INGREDIENTES,PILSENER
HOMBRE,22,9,CALIDAD DE INGREDIENTES,CLUB
HOMBRE,22,9,CALIDAD DE INGREDIENTES,CLUB
HOMBRE,22,6,CALIDAD DE INGREDIENTES,CLUB
HOMBRE,20,10,CALIDAD DE INGREDIENTES,CLUB
HOMBRE,20,9,CALIDAD DE INGREDIENTES,CLUB
HOMBRE,20,10,CALIDAD DE INGREDIENTES,CLUB
MUJER,21,6,CALIDAD DE INGREDIENTES,CLUB
HOMBRE,21,7,CALIDAD DE INGREDIENTES,CLUB
MUJER,20,9,CALIDAD DE INGREDIENTES,CLUB
MUJER,20,9,CALIDAD DE INGREDIENTES,CLUB
HOMBRE,20,8,CALIDAD DE INGREDIENTES,CLUB
MUJER,20,9,CALIDAD DE INGREDIENTES,CLUB
HOMBRE,20,9,CALIDAD DE INGREDIENTES,CLUB
MUJER,20,8,CALIDAD DE INGREDIENTES,CLUB
MUJER,19,6,CALIDAD DE INGREDIENTES,CLUB
MUJER,18,4,CALIDAD DE INGREDIENTES,CLUB
HOMBRE,19,7,CALIDAD DE INGREDIENTES,CLUB
HOMBRE,18,5,CALIDAD DE INGREDIENTES,CLUB
HOMBRE,26,10,CALIDAD DE INGREDIENTES,CLUB
HOMBRE,24,9,CALIDAD DE INGREDIENTES,CLUB
HOMBRE,24,8,CALIDAD DE INGREDIENTES,CLUB
MUJER,20,8,CALIDAD DE INGREDIENTES,CLUB
HOMBRE,18,8,CALIDAD DE INGREDIENTES,CLUB
HOMBRE,19,9,CALIDAD DE INGREDIENTES,CLUB
HOMBRE,19,10,CALIDAD DE INGREDIENTES,CLUB
HOMBRE,19,9,CALIDAD DE INGREDIENTES,CLUB
MUJER,19,9,CALIDAD DE INGREDIENTES,CLUB
HOMBRE,25,8,CALIDAD DE INGREDIENTES,CLUB
HOMBRE,19,7,CALIDAD DE INGREDIENTES,CLUB
MUJER,19,8,CALIDAD DE INGREDIENTES,CLUB
HOMBRE,20,9,CALIDAD DE INGREDIENTES,CLUB
MUJER,19,7,CALIDAD DE INGREDIENTES,CLUB
HOMBRE,20,5,CALIDAD DE INGREDIENTES,CLUB
HOMBRE,19,5,CALIDAD DE INGREDIENTES,CLUB
MUJER,18,8,CALIDAD DE INGREDIENTES,CLUB
HOMBRE,19,8,CALIDAD DE INGREDIENTES,CLUB
MUJER,18,8,CALIDAD DE INGREDIENTES,CLUB
HOMBRE,20,7,CALIDAD DE INGREDIENTES,CLUB
MUJER,24,8,CALIDAD DE INGREDIENTES,CLUB
MUJER,22,10,CALIDAD DE INGREDIENTES,CLUB
MUJER,18,5,CALIDAD DE INGREDIENTES,CLUB
HOMBRE,25,10,CALIDAD DE INGREDIENTES,CLUB
MUJER,24,8,CALIDAD DE INGREDIENTES,CLUB
HOMBRE,18,9,CALIDAD DE INGREDIENTES,CLUB
HOMBRE,24,8,CALIDAD DE INGREDIENTES,CLUB
MUJER,19,7,CALIDAD DE INGREDIENTES,CLUB
MUJER,23,8,CALIDAD DE INGREDIENTES,CLUB
HOMBRE,24,9,CALIDAD DE INGREDIENTES,CLUB
MUJER,25,10,CALIDAD DE INGREDIENTES,CLUB
HOMBRE,25,9,CALIDAD DE INGREDIENTES,CLUB
MUJER,25,8,CALIDAD DE INGREDIENTES,CLUB
HOMBRE,25,9,CALIDAD DE INGREDIENTES,CLUB
HOMBRE,22,3,CALIDAD DE INGREDIENTES,SIEMBRA
HOMBRE,22,4,CALIDAD DE INGREDIENTES,SIEMBRA
HOMBRE,22,2,CALIDAD DE INGREDIENTES,SIEMBRA
HOMBRE,20,6,CALIDAD DE INGREDIENTES,SIEMBRA
HOMBRE,20,5,CALIDAD DE INGREDIENTES,SIEMBRA
HOMBRE,20,5,CALIDAD DE INGREDIENTES,SIEMBRA
MUJER,21,7,CALIDAD DE INGREDIENTES,SIEMBRA
HOMBRE,21,4,CALIDAD DE INGREDIENTES,SIEMBRA
MUJER,20,1,CALIDAD DE INGREDIENTES,SIEMBRA
MUJER,20,3,CALIDAD DE INGREDIENTES,SIEMBRA
HOMBRE,20,1,CALIDAD DE INGREDIENTES,SIEMBRA
MUJER,20,8,CALIDAD DE INGREDIENTES,SIEMBRA
HOMBRE,20,5,CALIDAD DE INGREDIENTES,SIEMBRA
MUJER,20,4,CALIDAD DE INGREDIENTES,SIEMBRA
MUJER,19,4,CALIDAD DE INGREDIENTES,SIEMBRA
MUJER,18,4,CALIDAD DE INGREDIENTES,SIEMBRA
HOMBRE,19,6,CALIDAD DE INGREDIENTES,SIEMBRA
HOMBRE,18,2,CALIDAD DE INGREDIENTES,SIEMBRA
HOMBRE,26,5,CALIDAD DE INGREDIENTES,SIEMBRA
HOMBRE,24,7,CALIDAD DE INGREDIENTES,SIEMBRA
HOMBRE,24,3,CALIDAD DE INGREDIENTES,SIEMBRA
MUJER,20,10,CALIDAD DE INGREDIENTES,SIEMBRA
HOMBRE,18,6,CALIDAD DE INGREDIENTES,SIEMBRA
HOMBRE,19,2,CALIDAD DE INGREDIENTES,SIEMBRA
HOMBRE,19,6,CALIDAD DE INGREDIENTES,SIEMBRA
HOMBRE,19,3,CALIDAD DE INGREDIENTES,SIEMBRA
MUJER,19,5,CALIDAD DE INGREDIENTES,SIEMBRA
HOMBRE,25,5,CALIDAD DE INGREDIENTES,SIEMBRA
HOMBRE,19,7,CALIDAD DE INGREDIENTES,SIEMBRA
MUJER,19,3,CALIDAD DE INGREDIENTES,SIEMBRA
HOMBRE,20,7,CALIDAD DE INGREDIENTES,SIEMBRA
MUJER,19,7,CALIDAD DE INGREDIENTES,SIEMBRA
HOMBRE,20,1,CALIDAD DE INGREDIENTES,SIEMBRA
HOMBRE,19,2,CALIDAD DE INGREDIENTES,SIEMBRA
MUJER,18,8,CALIDAD DE INGREDIENTES,SIEMBRA
HOMBRE,19,3,CALIDAD DE INGREDIENTES,SIEMBRA
MUJER,18,4,CALIDAD DE INGREDIENTES,SIEMBRA
HOMBRE,20,3,CALIDAD DE INGREDIENTES,SIEMBRA
MUJER,24,7,CALIDAD DE INGREDIENTES,SIEMBRA
MUJER,22,8,CALIDAD DE INGREDIENTES,SIEMBRA
MUJER,18,6,CALIDAD DE INGREDIENTES,SIEMBRA
HOMBRE,25,1,CALIDAD DE INGREDIENTES,SIEMBRA
MUJER,24,4,CALIDAD DE INGREDIENTES,SIEMBRA
HOMBRE,18,9,CALIDAD DE INGREDIENTES,SIEMBRA
HOMBRE,24,6,CALIDAD DE INGREDIENTES,SIEMBRA
MUJER,19,1,CALIDAD DE INGREDIENTES,SIEMBRA
MUJER,23,5,CALIDAD DE INGREDIENTES,SIEMBRA
HOMBRE,24,3,CALIDAD DE INGREDIENTES,SIEMBRA
MUJER,25,5,CALIDAD DE INGREDIENTES,SIEMBRA
HOMBRE,25,4,CALIDAD DE INGREDIENTES,SIEMBRA
MUJER,25,4,CALIDAD DE INGREDIENTES,SIEMBRA
HOMBRE,25,2,CALIDAD DE INGREDIENTES,SIEMBRA
HOMBRE,22,10,CALIDAD DE INGREDIENTES,CORONA
HOMBRE,22,9,CALIDAD DE INGREDIENTES,CORONA
HOMBRE,22,10,CALIDAD DE INGREDIENTES,CORONA
HOMBRE,20,9,CALIDAD DE INGREDIENTES,CORONA
HOMBRE,20,9,CALIDAD DE INGREDIENTES,CORONA
HOMBRE,20,10,CALIDAD DE INGREDIENTES,CORONA
MUJER,21,10,CALIDAD DE INGREDIENTES,CORONA
HOMBRE,21,8,CALIDAD DE INGREDIENTES,CORONA
MUJER,20,9,CALIDAD DE INGREDIENTES,CORONA
MUJER,20,10,CALIDAD DE INGREDIENTES,CORONA
HOMBRE,20,9,CALIDAD DE INGREDIENTES,CORONA
MUJER,20,9,CALIDAD DE INGREDIENTES,CORONA
HOMBRE,20,9,CALIDAD DE INGREDIENTES,CORONA
MUJER,20,10,CALIDAD DE INGREDIENTES,CORONA
MUJER,19,8,CALIDAD DE INGREDIENTES,CORONA
MUJER,18,8,CALIDAD DE INGREDIENTES,CORONA
HOMBRE,19,10,CALIDAD DE INGREDIENTES,CORONA
HOMBRE,18,5,CALIDAD DE INGREDIENTES,CORONA
HOMBRE,26,10,CALIDAD DE INGREDIENTES,CORONA
HOMBRE,24,6,CALIDAD DE INGREDIENTES,CORONA
HOMBRE,24,9,CALIDAD DE INGREDIENTES,CORONA
MUJER,20,9,CALIDAD DE INGREDIENTES,CORONA
HOMBRE,18,6,CALIDAD DE INGREDIENTES,CORONA
HOMBRE,19,9,CALIDAD DE INGREDIENTES,CORONA
HOMBRE,19,10,CALIDAD DE INGREDIENTES,CORONA
HOMBRE,19,10,CALIDAD DE INGREDIENTES,CORONA
MUJER,19,10,CALIDAD DE INGREDIENTES,CORONA
HOMBRE,25,8,CALIDAD DE INGREDIENTES,CORONA
HOMBRE,19,9,CALIDAD DE INGREDIENTES,CORONA
MUJER,19,5,CALIDAD DE INGREDIENTES,CORONA
HOMBRE,20,9,CALIDAD DE INGREDIENTES,CORONA
MUJER,19,9,CALIDAD DE INGREDIENTES,CORONA
HOMBRE,20,7,CALIDAD DE INGREDIENTES,CORONA
HOMBRE,19,4,CALIDAD DE INGREDIENTES,CORONA
MUJER,18,8,CALIDAD DE INGREDIENTES,CORONA
HOMBRE,19,10,CALIDAD DE INGREDIENTES,CORONA
MUJER,18,8,CALIDAD DE INGREDIENTES,CORONA
HOMBRE,20,6,CALIDAD DE INGREDIENTES,CORONA
MUJER,24,10,CALIDAD DE INGREDIENTES,CORONA
MUJER,22,10,CALIDAD DE INGREDIENTES,CORONA
MUJER,18,4,CALIDAD DE INGREDIENTES,CORONA
HOMBRE,25,10,CALIDAD DE INGREDIENTES,CORONA
MUJER,24,9,CALIDAD DE INGREDIENTES,CORONA
HOMBRE,18,9,CALIDAD DE INGREDIENTES,CORONA
HOMBRE,24,8,CALIDAD DE INGREDIENTES,CORONA
MUJER,19,8,CALIDAD DE INGREDIENTES,CORONA
MUJER,23,8,CALIDAD DE INGREDIENTES,CORONA
HOMBRE,24,7,CALIDAD DE INGREDIENTES,CORONA
MUJER,25,10,CALIDAD DE INGREDIENTES,CORONA
HOMBRE,25,9,CALIDAD DE INGREDIENTES,CORONA
MUJER,25,8,CALIDAD DE INGREDIENTES,CORONA
HOMBRE,25,8,CALIDAD DE INGREDIENTES,CORONA
HOMBRE,22,8,CALIDAD DE INGREDIENTES,HEINEKEN
HOMBRE,22,9,CALIDAD DE INGREDIENTES,HEINEKEN
HOMBRE,22,9,CALIDAD DE INGREDIENTES,HEINEKEN
HOMBRE,20,8,CALIDAD DE INGREDIENTES,HEINEKEN
HOMBRE,20,10,CALIDAD DE INGREDIENTES,HEINEKEN
HOMBRE,20,10,CALIDAD DE INGREDIENTES,HEINEKEN
MUJER,21,8,CALIDAD DE INGREDIENTES,HEINEKEN
HOMBRE,21,8,CALIDAD DE INGREDIENTES,HEINEKEN
MUJER,20,8,CALIDAD DE INGREDIENTES,HEINEKEN
MUJER,20,9,CALIDAD DE INGREDIENTES,HEINEKEN
HOMBRE,20,9,CALIDAD DE INGREDIENTES,HEINEKEN
MUJER,20,8,CALIDAD DE INGREDIENTES,HEINEKEN
HOMBRE,20,9,CALIDAD DE INGREDIENTES,HEINEKEN
MUJER,20,8,CALIDAD DE INGREDIENTES,HEINEKEN
MUJER,19,8,CALIDAD DE INGREDIENTES,HEINEKEN
MUJER,18,9,CALIDAD DE INGREDIENTES,HEINEKEN
HOMBRE,19,6,CALIDAD DE INGREDIENTES,HEINEKEN
HOMBRE,18,3,CALIDAD DE INGREDIENTES,HEINEKEN
HOMBRE,26,9,CALIDAD DE INGREDIENTES,HEINEKEN
HOMBRE,24,7,CALIDAD DE INGREDIENTES,HEINEKEN
HOMBRE,24,5,CALIDAD DE INGREDIENTES,HEINEKEN
MUJER,20,10,CALIDAD DE INGREDIENTES,HEINEKEN
HOMBRE,18,8,CALIDAD DE INGREDIENTES,HEINEKEN
HOMBRE,19,9,CALIDAD DE INGREDIENTES,HEINEKEN
HOMBRE,19,10,CALIDAD DE INGREDIENTES,HEINEKEN
HOMBRE,19,6,CALIDAD DE INGREDIENTES,HEINEKEN
MUJER,19,10,CALIDAD DE INGREDIENTES,HEINEKEN
HOMBRE,25,8,CALIDAD DE INGREDIENTES,HEINEKEN
HOMBRE,19,6,CALIDAD DE INGREDIENTES,HEINEKEN
MUJER,19,8,CALIDAD DE INGREDIENTES,HEINEKEN
HOMBRE,20,7,CALIDAD DE INGREDIENTES,HEINEKEN
MUJER,19,9,CALIDAD DE INGREDIENTES,HEINEKEN
HOMBRE,20,8,CALIDAD DE INGREDIENTES,HEINEKEN
HOMBRE,19,7,CALIDAD DE INGREDIENTES,HEINEKEN
MUJER,18,8,CALIDAD DE INGREDIENTES,HEINEKEN
HOMBRE,19,4,CALIDAD DE INGREDIENTES,HEINEKEN
MUJER,18,8,CALIDAD DE INGREDIENTES,HEINEKEN
HOMBRE,20,7,CALIDAD DE INGREDIENTES,HEINEKEN
MUJER,24,10,CALIDAD DE INGREDIENTES,HEINEKEN
MUJER,22,10,CALIDAD DE INGREDIENTES,HEINEKEN
MUJER,18,4,CALIDAD DE INGREDIENTES,HEINEKEN
HOMBRE,25,10,CALIDAD DE INGREDIENTES,HEINEKEN
MUJER,24,9,CALIDAD DE INGREDIENTES,HEINEKEN
HOMBRE,18,9,CALIDAD DE INGREDIENTES,HEINEKEN
HOMBRE,24,8,CALIDAD DE INGREDIENTES,HEINEKEN
MUJER,19,8,CALIDAD DE INGREDIENTES,HEINEKEN
MUJER,23,9,CALIDAD DE INGREDIENTES,HEINEKEN
HOMBRE,24,9,CALIDAD DE INGREDIENTES,HEINEKEN
MUJER,25,10,CALIDAD DE INGREDIENTES,HEINEKEN
HOMBRE,25,10,CALIDAD DE INGREDIENTES,HEINEKEN
MUJER,25,9,CALIDAD DE INGREDIENTES,HEINEKEN
HOMBRE,25,7,CALIDAD DE INGREDIENTES,HEINEKEN
HOMBRE,22,8,DISEÑO,PILSENER
HOMBRE,22,6,DISEÑO,PILSENER
HOMBRE,22,5,DISEÑO,PILSENER
HOMBRE,20,10,DISEÑO,PILSENER
HOMBRE,20,8,DISEÑO,PILSENER
HOMBRE,20,2,DISEÑO,PILSENER
MUJER,21,4,DISEÑO,PILSENER
HOMBRE,21,9,DISEÑO,PILSENER
MUJER,20,8,DISEÑO,PILSENER
MUJER,20,8,DISEÑO,PILSENER
HOMBRE,20,5,DISEÑO,PILSENER
MUJER,20,7,DISEÑO,PILSENER
HOMBRE,20,4,DISEÑO,PILSENER
MUJER,20,5,DISEÑO,PILSENER
MUJER,19,1,DISEÑO,PILSENER
MUJER,18,4,DISEÑO,PILSENER
HOMBRE,19,10,DISEÑO,PILSENER
HOMBRE,18,2,DISEÑO,PILSENER
HOMBRE,26,5,DISEÑO,PILSENER
HOMBRE,24,8,DISEÑO,PILSENER
HOMBRE,24,5,DISEÑO,PILSENER
MUJER,20,10,DISEÑO,PILSENER
HOMBRE,18,7,DISEÑO,PILSENER
HOMBRE,19,9,DISEÑO,PILSENER
HOMBRE,19,4,DISEÑO,PILSENER
HOMBRE,19,1,DISEÑO,PILSENER
MUJER,19,5,DISEÑO,PILSENER
HOMBRE,25,7,DISEÑO,PILSENER
HOMBRE,19,5,DISEÑO,PILSENER
MUJER,19,10,DISEÑO,PILSENER
HOMBRE,20,5,DISEÑO,PILSENER
MUJER,19,8,DISEÑO,PILSENER
HOMBRE,20,7,DISEÑO,PILSENER
HOMBRE,19,5,DISEÑO,PILSENER
MUJER,18,5,DISEÑO,PILSENER
HOMBRE,19,8,DISEÑO,PILSENER
MUJER,18,4,DISEÑO,PILSENER
HOMBRE,20,2,DISEÑO,PILSENER
MUJER,24,7,DISEÑO,PILSENER
MUJER,22,8,DISEÑO,PILSENER
MUJER,18,5,DISEÑO,PILSENER
HOMBRE,25,5,DISEÑO,PILSENER
MUJER,24,1,DISEÑO,PILSENER
HOMBRE,18,8,DISEÑO,PILSENER
HOMBRE,24,8,DISEÑO,PILSENER
MUJER,19,1,DISEÑO,PILSENER
MUJER,23,5,DISEÑO,PILSENER
HOMBRE,24,6,DISEÑO,PILSENER
MUJER,25,8,DISEÑO,PILSENER
HOMBRE,25,2,DISEÑO,PILSENER
MUJER,25,7,DISEÑO,PILSENER
HOMBRE,25,6,DISEÑO,PILSENER
HOMBRE,22,8,DISEÑO,CLUB
HOMBRE,22,9,DISEÑO,CLUB
HOMBRE,22,10,DISEÑO,CLUB
HOMBRE,20,10,DISEÑO,CLUB
HOMBRE,20,9,DISEÑO,CLUB
HOMBRE,20,10,DISEÑO,CLUB
MUJER,21,7,DISEÑO,CLUB
HOMBRE,21,8,DISEÑO,CLUB
MUJER,20,8,DISEÑO,CLUB
MUJER,20,10,DISEÑO,CLUB
HOMBRE,20,6,DISEÑO,CLUB
MUJER,20,8,DISEÑO,CLUB
HOMBRE,20,7,DISEÑO,CLUB
MUJER,20,8,DISEÑO,CLUB
MUJER,19,4,DISEÑO,CLUB
MUJER,18,6,DISEÑO,CLUB
HOMBRE,19,7,DISEÑO,CLUB
HOMBRE,18,4,DISEÑO,CLUB
HOMBRE,26,7,DISEÑO,CLUB
HOMBRE,24,9,DISEÑO,CLUB
HOMBRE,24,7,DISEÑO,CLUB
MUJER,20,10,DISEÑO,CLUB
HOMBRE,18,8,DISEÑO,CLUB
HOMBRE,19,9,DISEÑO,CLUB
HOMBRE,19,6,DISEÑO,CLUB
HOMBRE,19,4,DISEÑO,CLUB
MUJER,19,8,DISEÑO,CLUB
HOMBRE,25,5,DISEÑO,CLUB
HOMBRE,19,8,DISEÑO,CLUB
MUJER,19,8,DISEÑO,CLUB
HOMBRE,20,8,DISEÑO,CLUB
MUJER,19,8,DISEÑO,CLUB
HOMBRE,20,6,DISEÑO,CLUB
HOMBRE,19,7,DISEÑO,CLUB
MUJER,18,10,DISEÑO,CLUB
HOMBRE,19,6,DISEÑO,CLUB
MUJER,18,7,DISEÑO,CLUB
HOMBRE,20,4,DISEÑO,CLUB
MUJER,24,7,DISEÑO,CLUB
MUJER,22,8,DISEÑO,CLUB
MUJER,18,5,DISEÑO,CLUB
HOMBRE,25,9,DISEÑO,CLUB
MUJER,24,6,DISEÑO,CLUB
HOMBRE,18,8,DISEÑO,CLUB
HOMBRE,24,9,DISEÑO,CLUB
MUJER,19,9,DISEÑO,CLUB
MUJER,23,6,DISEÑO,CLUB
HOMBRE,24,8,DISEÑO,CLUB
MUJER,25,10,DISEÑO,CLUB
HOMBRE,25,2,DISEÑO,CLUB
MUJER,25,8,DISEÑO,CLUB
HOMBRE,25,9,DISEÑO,CLUB
HOMBRE,22,8,DISEÑO,SIEMBRA
HOMBRE,22,7,DISEÑO,SIEMBRA
HOMBRE,22,8,DISEÑO,SIEMBRA
HOMBRE,20,6,DISEÑO,SIEMBRA
HOMBRE,20,6,DISEÑO,SIEMBRA
HOMBRE,20,5,DISEÑO,SIEMBRA
MUJER,21,6,DISEÑO,SIEMBRA
HOMBRE,21,5,DISEÑO,SIEMBRA
MUJER,20,6,DISEÑO,SIEMBRA
MUJER,20,7,DISEÑO,SIEMBRA
HOMBRE,20,4,DISEÑO,SIEMBRA
MUJER,20,7,DISEÑO,SIEMBRA
HOMBRE,20,4,DISEÑO,SIEMBRA
MUJER,20,4,DISEÑO,SIEMBRA
MUJER,19,4,DISEÑO,SIEMBRA
MUJER,18,6,DISEÑO,SIEMBRA
HOMBRE,19,6,DISEÑO,SIEMBRA
HOMBRE,18,6,DISEÑO,SIEMBRA
HOMBRE,26,5,DISEÑO,SIEMBRA
HOMBRE,24,7,DISEÑO,SIEMBRA
HOMBRE,24,3,DISEÑO,SIEMBRA
MUJER,20,10,DISEÑO,SIEMBRA
HOMBRE,18,8,DISEÑO,SIEMBRA
HOMBRE,19,9,DISEÑO,SIEMBRA
HOMBRE,19,7,DISEÑO,SIEMBRA
HOMBRE,19,4,DISEÑO,SIEMBRA
MUJER,19,4,DISEÑO,SIEMBRA
HOMBRE,25,6,DISEÑO,SIEMBRA
HOMBRE,19,8,DISEÑO,SIEMBRA
MUJER,19,5,DISEÑO,SIEMBRA
HOMBRE,20,7,DISEÑO,SIEMBRA
MUJER,19,8,DISEÑO,SIEMBRA
HOMBRE,20,3,DISEÑO,SIEMBRA
HOMBRE,19,5,DISEÑO,SIEMBRA
MUJER,18,5,DISEÑO,SIEMBRA
HOMBRE,19,3,DISEÑO,SIEMBRA
MUJER,18,5,DISEÑO,SIEMBRA
HOMBRE,20,2,DISEÑO,SIEMBRA
MUJER,24,7,DISEÑO,SIEMBRA
MUJER,22,8,DISEÑO,SIEMBRA
MUJER,18,6,DISEÑO,SIEMBRA
HOMBRE,25,5,DISEÑO,SIEMBRA
MUJER,24,3,DISEÑO,SIEMBRA
HOMBRE,18,7,DISEÑO,SIEMBRA
HOMBRE,24,8,DISEÑO,SIEMBRA
MUJER,19,2,DISEÑO,SIEMBRA
MUJER,23,5,DISEÑO,SIEMBRA
HOMBRE,24,4,DISEÑO,SIEMBRA
MUJER,25,5,DISEÑO,SIEMBRA
HOMBRE,25,2,DISEÑO,SIEMBRA
MUJER,25,7,DISEÑO,SIEMBRA
HOMBRE,25,3,DISEÑO,SIEMBRA
HOMBRE,22,10,DISEÑO,CORONA
HOMBRE,22,10,DISEÑO,CORONA
HOMBRE,22,9,DISEÑO,CORONA
HOMBRE,20,10,DISEÑO,CORONA
HOMBRE,20,9,DISEÑO,CORONA
HOMBRE,20,10,DISEÑO,CORONA
MUJER,21,9,DISEÑO,CORONA
HOMBRE,21,9,DISEÑO,CORONA
MUJER,20,9,DISEÑO,CORONA
MUJER,20,9,DISEÑO,CORONA
HOMBRE,20,9,DISEÑO,CORONA
MUJER,20,9,DISEÑO,CORONA
HOMBRE,20,10,DISEÑO,CORONA
MUJER,20,10,DISEÑO,CORONA
MUJER,19,6,DISEÑO,CORONA
MUJER,18,8,DISEÑO,CORONA
HOMBRE,19,10,DISEÑO,CORONA
HOMBRE,18,7,DISEÑO,CORONA
HOMBRE,26,10,DISEÑO,CORONA
HOMBRE,24,10,DISEÑO,CORONA
HOMBRE,24,9,DISEÑO,CORONA
MUJER,20,10,DISEÑO,CORONA
HOMBRE,18,9,DISEÑO,CORONA
HOMBRE,19,10,DISEÑO,CORONA
HOMBRE,19,8,DISEÑO,CORONA
HOMBRE,19,10,DISEÑO,CORONA
MUJER,19,10,DISEÑO,CORONA
HOMBRE,25,6,DISEÑO,CORONA
HOMBRE,19,10,DISEÑO,CORONA
MUJER,19,9,DISEÑO,CORONA
HOMBRE,20,10,DISEÑO,CORONA
MUJER,19,10,DISEÑO,CORONA
HOMBRE,20,8,DISEÑO,CORONA
HOMBRE,19,3,DISEÑO,CORONA
MUJER,18,10,DISEÑO,CORONA
HOMBRE,19,10,DISEÑO,CORONA
MUJER,18,9,DISEÑO,CORONA
HOMBRE,20,6,DISEÑO,CORONA
MUJER,24,9,DISEÑO,CORONA
MUJER,22,10,DISEÑO,CORONA
MUJER,18,6,DISEÑO,CORONA
HOMBRE,25,10,DISEÑO,CORONA
MUJER,24,8,DISEÑO,CORONA
HOMBRE,18,10,DISEÑO,CORONA
HOMBRE,24,9,DISEÑO,CORONA
MUJER,19,7,DISEÑO,CORONA
MUJER,23,7,DISEÑO,CORONA
HOMBRE,24,7,DISEÑO,CORONA
MUJER,25,10,DISEÑO,CORONA
HOMBRE,25,2,DISEÑO,CORONA
MUJER,25,9,DISEÑO,CORONA
HOMBRE,25,10,DISEÑO,CORONA
HOMBRE,22,9,DISEÑO,HEINEKEN
HOMBRE,22,10,DISEÑO,HEINEKEN
HOMBRE,22,9,DISEÑO,HEINEKEN
HOMBRE,20,8,DISEÑO,HEINEKEN
HOMBRE,20,9,DISEÑO,HEINEKEN
HOMBRE,20,10,DISEÑO,HEINEKEN
MUJER,21,8,DISEÑO,HEINEKEN
HOMBRE,21,8,DISEÑO,HEINEKEN
MUJER,20,9,DISEÑO,HEINEKEN
MUJER,20,10,DISEÑO,HEINEKEN
HOMBRE,20,9,DISEÑO,HEINEKEN
MUJER,20,10,DISEÑO,HEINEKEN
HOMBRE,20,10,DISEÑO,HEINEKEN
MUJER,20,10,DISEÑO,HEINEKEN
MUJER,19,7,DISEÑO,HEINEKEN
MUJER,18,9,DISEÑO,HEINEKEN
HOMBRE,19,7,DISEÑO,HEINEKEN
HOMBRE,18,4,DISEÑO,HEINEKEN
HOMBRE,26,10,DISEÑO,HEINEKEN
HOMBRE,24,10,DISEÑO,HEINEKEN
HOMBRE,24,6,DISEÑO,HEINEKEN
MUJER,20,10,DISEÑO,HEINEKEN
HOMBRE,18,7,DISEÑO,HEINEKEN
HOMBRE,19,10,DISEÑO,HEINEKEN
HOMBRE,19,10,DISEÑO,HEINEKEN
HOMBRE,19,8,DISEÑO,HEINEKEN
MUJER,19,10,DISEÑO,HEINEKEN
HOMBRE,25,8,DISEÑO,HEINEKEN
HOMBRE,19,8,DISEÑO,HEINEKEN
MUJER,19,7,DISEÑO,HEINEKEN
HOMBRE,20,9,DISEÑO,HEINEKEN
MUJER,19,10,DISEÑO,HEINEKEN
HOMBRE,20,10,DISEÑO,HEINEKEN
HOMBRE,19,8,DISEÑO,HEINEKEN
MUJER,18,10,DISEÑO,HEINEKEN
HOMBRE,19,6,DISEÑO,HEINEKEN
MUJER,18,9,DISEÑO,HEINEKEN
HOMBRE,20,8,DISEÑO,HEINEKEN
MUJER,24,10,DISEÑO,HEINEKEN
MUJER,22,10,DISEÑO,HEINEKEN
MUJER,18,7,DISEÑO,HEINEKEN
HOMBRE,25,10,DISEÑO,HEINEKEN
MUJER,24,9,DISEÑO,HEINEKEN
HOMBRE,18,7,DISEÑO,HEINEKEN
HOMBRE,24,9,DISEÑO,HEINEKEN
MUJER,19,10,DISEÑO,HEINEKEN
MUJER,23,6,DISEÑO,HEINEKEN
HOMBRE,24,7,DISEÑO,HEINEKEN
MUJER,25,10,DISEÑO,HEINEKEN
HOMBRE,25,10,DISEÑO,HEINEKEN
MUJER,25,10,DISEÑO,HEINEKEN
HOMBRE,25,9,DISEÑO,HEINEKEN
HOMBRE,22,10,PUBLICIDAD,PILSENER
HOMBRE,22,9,PUBLICIDAD,PILSENER
HOMBRE,22,10,PUBLICIDAD,PILSENER
HOMBRE,20,10,PUBLICIDAD,PILSENER
HOMBRE,20,10,PUBLICIDAD,PILSENER
HOMBRE,20,5,PUBLICIDAD,PILSENER
MUJER,21,7,PUBLICIDAD,PILSENER
HOMBRE,21,9,PUBLICIDAD,PILSENER
MUJER,20,9,PUBLICIDAD,PILSENER
MUJER,20,10,PUBLICIDAD,PILSENER
HOMBRE,20,10,PUBLICIDAD,PILSENER
MUJER,20,8,PUBLICIDAD,PILSENER
HOMBRE,20,7,PUBLICIDAD,PILSENER
MUJER,20,5,PUBLICIDAD,PILSENER
MUJER,19,9,PUBLICIDAD,PILSENER
MUJER,18,6,PUBLICIDAD,PILSENER
HOMBRE,19,10,PUBLICIDAD,PILSENER
HOMBRE,18,7,PUBLICIDAD,PILSENER
HOMBRE,26,8,PUBLICIDAD,PILSENER
HOMBRE,24,9,PUBLICIDAD,PILSENER
HOMBRE,24,6,PUBLICIDAD,PILSENER
MUJER,20,10,PUBLICIDAD,PILSENER
HOMBRE,18,10,PUBLICIDAD,PILSENER
HOMBRE,19,8,PUBLICIDAD,PILSENER
HOMBRE,19,8,PUBLICIDAD,PILSENER
HOMBRE,19,10,PUBLICIDAD,PILSENER
MUJER,19,6,PUBLICIDAD,PILSENER
HOMBRE,25,8,PUBLICIDAD,PILSENER
HOMBRE,19,10,PUBLICIDAD,PILSENER
MUJER,19,10,PUBLICIDAD,PILSENER
HOMBRE,20,9,PUBLICIDAD,PILSENER
MUJER,19,10,PUBLICIDAD,PILSENER
HOMBRE,20,10,PUBLICIDAD,PILSENER
HOMBRE,19,10,PUBLICIDAD,PILSENER
MUJER,18,7,PUBLICIDAD,PILSENER
HOMBRE,19,10,PUBLICIDAD,PILSENER
MUJER,18,5,PUBLICIDAD,PILSENER
HOMBRE,20,4,PUBLICIDAD,PILSENER
MUJER,24,9,PUBLICIDAD,PILSENER
MUJER,22,8,PUBLICIDAD,PILSENER
MUJER,18,7,PUBLICIDAD,PILSENER
HOMBRE,25,8,PUBLICIDAD,PILSENER
MUJER,24,4,PUBLICIDAD,PILSENER
HOMBRE,18,10,PUBLICIDAD,PILSENER
HOMBRE,24,9,PUBLICIDAD,PILSENER
MUJER,19,9,PUBLICIDAD,PILSENER
MUJER,23,5,PUBLICIDAD,PILSENER
HOMBRE,24,5,PUBLICIDAD,PILSENER
MUJER,25,10,PUBLICIDAD,PILSENER
HOMBRE,25,10,PUBLICIDAD,PILSENER
MUJER,25,9,PUBLICIDAD,PILSENER
HOMBRE,25,9,PUBLICIDAD,PILSENER
HOMBRE,22,7,PUBLICIDAD,CLUB
HOMBRE,22,6,PUBLICIDAD,CLUB
HOMBRE,22,10,PUBLICIDAD,CLUB
HOMBRE,20,6,PUBLICIDAD,CLUB
HOMBRE,20,10,PUBLICIDAD,CLUB
HOMBRE,20,10,PUBLICIDAD,CLUB
MUJER,21,8,PUBLICIDAD,CLUB
HOMBRE,21,7,PUBLICIDAD,CLUB
MUJER,20,7,PUBLICIDAD,CLUB
MUJER,20,9,PUBLICIDAD,CLUB
HOMBRE,20,3,PUBLICIDAD,CLUB
MUJER,20,9,PUBLICIDAD,CLUB
HOMBRE,20,6,PUBLICIDAD,CLUB
MUJER,20,10,PUBLICIDAD,CLUB
MUJER,19,6,PUBLICIDAD,CLUB
MUJER,18,8,PUBLICIDAD,CLUB
HOMBRE,19,9,PUBLICIDAD,CLUB
HOMBRE,18,4,PUBLICIDAD,CLUB
HOMBRE,26,5,PUBLICIDAD,CLUB
HOMBRE,24,8,PUBLICIDAD,CLUB
HOMBRE,24,7,PUBLICIDAD,CLUB
MUJER,20,10,PUBLICIDAD,CLUB
HOMBRE,18,8,PUBLICIDAD,CLUB
HOMBRE,19,8,PUBLICIDAD,CLUB
HOMBRE,19,10,PUBLICIDAD,CLUB
HOMBRE,19,4,PUBLICIDAD,CLUB
MUJER,19,9,PUBLICIDAD,CLUB
HOMBRE,25,5,PUBLICIDAD,CLUB
HOMBRE,19,9,PUBLICIDAD,CLUB
MUJER,19,8,PUBLICIDAD,CLUB
HOMBRE,20,9,PUBLICIDAD,CLUB
MUJER,19,7,PUBLICIDAD,CLUB
HOMBRE,20,6,PUBLICIDAD,CLUB
HOMBRE,19,8,PUBLICIDAD,CLUB
MUJER,18,9,PUBLICIDAD,CLUB
HOMBRE,19,7,PUBLICIDAD,CLUB
MUJER,18,7,PUBLICIDAD,CLUB
HOMBRE,20,6,PUBLICIDAD,CLUB
MUJER,24,9,PUBLICIDAD,CLUB
MUJER,22,8,PUBLICIDAD,CLUB
MUJER,18,6,PUBLICIDAD,CLUB
HOMBRE,25,8,PUBLICIDAD,CLUB
MUJER,24,4,PUBLICIDAD,CLUB
HOMBRE,18,9,PUBLICIDAD,CLUB
HOMBRE,24,10,PUBLICIDAD,CLUB
MUJER,19,9,PUBLICIDAD,CLUB
MUJER,23,5,PUBLICIDAD,CLUB
HOMBRE,24,6,PUBLICIDAD,CLUB
MUJER,25,5,PUBLICIDAD,CLUB
HOMBRE,25,2,PUBLICIDAD,CLUB
MUJER,25,9,PUBLICIDAD,CLUB
HOMBRE,25,8,PUBLICIDAD,CLUB
HOMBRE,22,6,PUBLICIDAD,SIEMBRA
HOMBRE,22,5,PUBLICIDAD,SIEMBRA
HOMBRE,22,1,PUBLICIDAD,SIEMBRA
HOMBRE,20,6,PUBLICIDAD,SIEMBRA
HOMBRE,20,6,PUBLICIDAD,SIEMBRA
HOMBRE,20,1,PUBLICIDAD,SIEMBRA
MUJER,21,6,PUBLICIDAD,SIEMBRA
HOMBRE,21,5,PUBLICIDAD,SIEMBRA
MUJER,20,2,PUBLICIDAD,SIEMBRA
MUJER,20,7,PUBLICIDAD,SIEMBRA
HOMBRE,20,1,PUBLICIDAD,SIEMBRA
MUJER,20,7,PUBLICIDAD,SIEMBRA
HOMBRE,20,1,PUBLICIDAD,SIEMBRA
MUJER,20,2,PUBLICIDAD,SIEMBRA
MUJER,19,2,PUBLICIDAD,SIEMBRA
MUJER,18,3,PUBLICIDAD,SIEMBRA
HOMBRE,19,7,PUBLICIDAD,SIEMBRA
HOMBRE,18,4,PUBLICIDAD,SIEMBRA
HOMBRE,26,5,PUBLICIDAD,SIEMBRA
HOMBRE,24,7,PUBLICIDAD,SIEMBRA
HOMBRE,24,1,PUBLICIDAD,SIEMBRA
MUJER,20,7,PUBLICIDAD,SIEMBRA
HOMBRE,18,8,PUBLICIDAD,SIEMBRA
HOMBRE,19,6,PUBLICIDAD,SIEMBRA
HOMBRE,19,5,PUBLICIDAD,SIEMBRA
HOMBRE,19,4,PUBLICIDAD,SIEMBRA
MUJER,19,1,PUBLICIDAD,SIEMBRA
HOMBRE,25,6,PUBLICIDAD,SIEMBRA
HOMBRE,19,5,PUBLICIDAD,SIEMBRA
MUJER,19,5,PUBLICIDAD,SIEMBRA
HOMBRE,20,9,PUBLICIDAD,SIEMBRA
MUJER,19,7,PUBLICIDAD,SIEMBRA
HOMBRE,20,1,PUBLICIDAD,SIEMBRA
HOMBRE,19,5,PUBLICIDAD,SIEMBRA
MUJER,18,3,PUBLICIDAD,SIEMBRA
HOMBRE,19,5,PUBLICIDAD,SIEMBRA
MUJER,18,7,PUBLICIDAD,SIEMBRA
HOMBRE,20,2,PUBLICIDAD,SIEMBRA
MUJER,24,5,PUBLICIDAD,SIEMBRA
MUJER,22,8,PUBLICIDAD,SIEMBRA
MUJER,18,3,PUBLICIDAD,SIEMBRA
HOMBRE,25,2,PUBLICIDAD,SIEMBRA
MUJER,24,5,PUBLICIDAD,SIEMBRA
HOMBRE,18,8,PUBLICIDAD,SIEMBRA
HOMBRE,24,7,PUBLICIDAD,SIEMBRA
MUJER,19,7,PUBLICIDAD,SIEMBRA
MUJER,23,5,PUBLICIDAD,SIEMBRA
HOMBRE,24,4,PUBLICIDAD,SIEMBRA
MUJER,25,2,PUBLICIDAD,SIEMBRA
HOMBRE,25,1,PUBLICIDAD,SIEMBRA
MUJER,25,7,PUBLICIDAD,SIEMBRA
HOMBRE,25,6,PUBLICIDAD,SIEMBRA
HOMBRE,22,10,PUBLICIDAD,CORONA
HOMBRE,22,9,PUBLICIDAD,CORONA
HOMBRE,22,10,PUBLICIDAD,CORONA
HOMBRE,20,6,PUBLICIDAD,CORONA
HOMBRE,20,8,PUBLICIDAD,CORONA
HOMBRE,20,10,PUBLICIDAD,CORONA
MUJER,21,7,PUBLICIDAD,CORONA
HOMBRE,21,8,PUBLICIDAD,CORONA
MUJER,20,7,PUBLICIDAD,CORONA
MUJER,20,5,PUBLICIDAD,CORONA
HOMBRE,20,9,PUBLICIDAD,CORONA
MUJER,20,9,PUBLICIDAD,CORONA
HOMBRE,20,10,PUBLICIDAD,CORONA
MUJER,20,8,PUBLICIDAD,CORONA
MUJER,19,3,PUBLICIDAD,CORONA
MUJER,18,8,PUBLICIDAD,CORONA
HOMBRE,19,8,PUBLICIDAD,CORONA
HOMBRE,18,5,PUBLICIDAD,CORONA
HOMBRE,26,9,PUBLICIDAD,CORONA
HOMBRE,24,10,PUBLICIDAD,CORONA
HOMBRE,24,9,PUBLICIDAD,CORONA
MUJER,20,10,PUBLICIDAD,CORONA
HOMBRE,18,10,PUBLICIDAD,CORONA
HOMBRE,19,10,PUBLICIDAD,CORONA
HOMBRE,19,5,PUBLICIDAD,CORONA
HOMBRE,19,4,PUBLICIDAD,CORONA
MUJER,19,8,PUBLICIDAD,CORONA
HOMBRE,25,7,PUBLICIDAD,CORONA
HOMBRE,19,7,PUBLICIDAD,CORONA
MUJER,19,9,PUBLICIDAD,CORONA
HOMBRE,20,10,PUBLICIDAD,CORONA
MUJER,19,10,PUBLICIDAD,CORONA
HOMBRE,20,6,PUBLICIDAD,CORONA
HOMBRE,19,7,PUBLICIDAD,CORONA
MUJER,18,9,PUBLICIDAD,CORONA
HOMBRE,19,10,PUBLICIDAD,CORONA
MUJER,18,7,PUBLICIDAD,CORONA
HOMBRE,20,9,PUBLICIDAD,CORONA
MUJER,24,9,PUBLICIDAD,CORONA
MUJER,22,10,PUBLICIDAD,CORONA
MUJER,18,7,PUBLICIDAD,CORONA
HOMBRE,25,10,PUBLICIDAD,CORONA
MUJER,24,8,PUBLICIDAD,CORONA
HOMBRE,18,9,PUBLICIDAD,CORONA
HOMBRE,24,9,PUBLICIDAD,CORONA
MUJER,19,8,PUBLICIDAD,CORONA
MUJER,23,7,PUBLICIDAD,CORONA
HOMBRE,24,6,PUBLICIDAD,CORONA
MUJER,25,6,PUBLICIDAD,CORONA
HOMBRE,25,8,PUBLICIDAD,CORONA
MUJER,25,8,PUBLICIDAD,CORONA
HOMBRE,25,10,PUBLICIDAD,CORONA
HOMBRE,22,9,PUBLICIDAD,HEINEKEN
HOMBRE,22,10,PUBLICIDAD,HEINEKEN
HOMBRE,22,9,PUBLICIDAD,HEINEKEN
HOMBRE,20,6,PUBLICIDAD,HEINEKEN
HOMBRE,20,6,PUBLICIDAD,HEINEKEN
HOMBRE,20,2,PUBLICIDAD,HEINEKEN
MUJER,21,6,PUBLICIDAD,HEINEKEN
HOMBRE,21,9,PUBLICIDAD,HEINEKEN
MUJER,20,7,PUBLICIDAD,HEINEKEN
MUJER,20,3,PUBLICIDAD,HEINEKEN
HOMBRE,20,9,PUBLICIDAD,HEINEKEN
MUJER,20,10,PUBLICIDAD,HEINEKEN
HOMBRE,20,9,PUBLICIDAD,HEINEKEN
MUJER,20,7,PUBLICIDAD,HEINEKEN
MUJER,19,8,PUBLICIDAD,HEINEKEN
MUJER,18,8,PUBLICIDAD,HEINEKEN
HOMBRE,19,6,PUBLICIDAD,HEINEKEN
HOMBRE,18,4,PUBLICIDAD,HEINEKEN
HOMBRE,26,10,PUBLICIDAD,HEINEKEN
HOMBRE,24,8,PUBLICIDAD,HEINEKEN
HOMBRE,24,4,PUBLICIDAD,HEINEKEN
MUJER,20,10,PUBLICIDAD,HEINEKEN
HOMBRE,18,10,PUBLICIDAD,HEINEKEN
HOMBRE,19,9,PUBLICIDAD,HEINEKEN
HOMBRE,19,10,PUBLICIDAD,HEINEKEN
HOMBRE,19,4,PUBLICIDAD,HEINEKEN
MUJER,19,9,PUBLICIDAD,HEINEKEN
HOMBRE,25,9,PUBLICIDAD,HEINEKEN
HOMBRE,19,6,PUBLICIDAD,HEINEKEN
MUJER,19,7,PUBLICIDAD,HEINEKEN
HOMBRE,20,9,PUBLICIDAD,HEINEKEN
MUJER,19,10,PUBLICIDAD,HEINEKEN
HOMBRE,20,8,PUBLICIDAD,HEINEKEN
HOMBRE,19,10,PUBLICIDAD,HEINEKEN
MUJER,18,10,PUBLICIDAD,HEINEKEN
HOMBRE,19,6,PUBLICIDAD,HEINEKEN
MUJER,18,9,PUBLICIDAD,HEINEKEN
HOMBRE,20,6,PUBLICIDAD,HEINEKEN
MUJER,24,10,PUBLICIDAD,HEINEKEN
MUJER,22,8,PUBLICIDAD,HEINEKEN
MUJER,18,4,PUBLICIDAD,HEINEKEN
HOMBRE,25,10,PUBLICIDAD,HEINEKEN
MUJER,24,8,PUBLICIDAD,HEINEKEN
HOMBRE,18,7,PUBLICIDAD,HEINEKEN
HOMBRE,24,7,PUBLICIDAD,HEINEKEN
MUJER,19,8,PUBLICIDAD,HEINEKEN
MUJER,23,5,PUBLICIDAD,HEINEKEN
HOMBRE,24,6,PUBLICIDAD,HEINEKEN
MUJER,25,6,PUBLICIDAD,HEINEKEN
HOMBRE,25,10,PUBLICIDAD,HEINEKEN
MUJER,25,9,PUBLICIDAD,HEINEKEN
HOMBRE,25,10,PUBLICIDAD,HEINEKEN
HOMBRE,22,2,PREMIUM,PILSENER
HOMBRE,22,6,PREMIUM,PILSENER
HOMBRE,22,5,PREMIUM,PILSENER
HOMBRE,20,8,PREMIUM,PILSENER
HOMBRE,20,6,PREMIUM,PILSENER
HOMBRE,20,1,PREMIUM,PILSENER
MUJER,21,2,PREMIUM,PILSENER
HOMBRE,21,8,PREMIUM,PILSENER
MUJER,20,8,PREMIUM,PILSENER
MUJER,20,8,PREMIUM,PILSENER
HOMBRE,20,5,PREMIUM,PILSENER
MUJER,20,7,PREMIUM,PILSENER
HOMBRE,20,3,PREMIUM,PILSENER
MUJER,20,6,PREMIUM,PILSENER
MUJER,19,3,PREMIUM,PILSENER
MUJER,18,4,PREMIUM,PILSENER
HOMBRE,19,10,PREMIUM,PILSENER
HOMBRE,18,4,PREMIUM,PILSENER
HOMBRE,26,7,PREMIUM,PILSENER
HOMBRE,24,8,PREMIUM,PILSENER
HOMBRE,24,3,PREMIUM,PILSENER
MUJER,20,6,PREMIUM,PILSENER
HOMBRE,18,5,PREMIUM,PILSENER
HOMBRE,19,8,PREMIUM,PILSENER
HOMBRE,19,2,PREMIUM,PILSENER
HOMBRE,19,3,PREMIUM,PILSENER
MUJER,19,6,PREMIUM,PILSENER
HOMBRE,25,7,PREMIUM,PILSENER
HOMBRE,19,7,PREMIUM,PILSENER
MUJER,19,9,PREMIUM,PILSENER
HOMBRE,20,5,PREMIUM,PILSENER
MUJER,19,2,PREMIUM,PILSENER
HOMBRE,20,2,PREMIUM,PILSENER
HOMBRE,19,6,PREMIUM,PILSENER
MUJER,18,4,PREMIUM,PILSENER
HOMBRE,19,10,PREMIUM,PILSENER
MUJER,18,4,PREMIUM,PILSENER
HOMBRE,20,2,PREMIUM,PILSENER
MUJER,24,5,PREMIUM,PILSENER
MUJER,22,7,PREMIUM,PILSENER
MUJER,18,1,PREMIUM,PILSENER
HOMBRE,25,3,PREMIUM,PILSENER
MUJER,24,1,PREMIUM,PILSENER
HOMBRE,18,10,PREMIUM,PILSENER
HOMBRE,24,7,PREMIUM,PILSENER
MUJER,19,6,PREMIUM,PILSENER
MUJER,23,8,PREMIUM,PILSENER
HOMBRE,24,8,PREMIUM,PILSENER
MUJER,25,8,PREMIUM,PILSENER
HOMBRE,25,1,PREMIUM,PILSENER
MUJER,25,7,PREMIUM,PILSENER
HOMBRE,25,5,PREMIUM,PILSENER
HOMBRE,22,7,PREMIUM,CLUB
HOMBRE,22,9,PREMIUM,CLUB
HOMBRE,22,9,PREMIUM,CLUB
HOMBRE,20,8,PREMIUM,CLUB
HOMBRE,20,7,PREMIUM,CLUB
HOMBRE,20,10,PREMIUM,CLUB
MUJER,21,4,PREMIUM,CLUB
HOMBRE,21,9,PREMIUM,CLUB
MUJER,20,8,PREMIUM,CLUB
MUJER,20,10,PREMIUM,CLUB
HOMBRE,20,7,PREMIUM,CLUB
MUJER,20,9,PREMIUM,CLUB
HOMBRE,20,5,PREMIUM,CLUB
MUJER,20,10,PREMIUM,CLUB
MUJER,19,6,PREMIUM,CLUB
MUJER,18,5,PREMIUM,CLUB
HOMBRE,19,7,PREMIUM,CLUB
HOMBRE,18,7,PREMIUM,CLUB
HOMBRE,26,8,PREMIUM,CLUB
HOMBRE,24,9,PREMIUM,CLUB
HOMBRE,24,6,PREMIUM,CLUB
MUJER,20,5,PREMIUM,CLUB
HOMBRE,18,5,PREMIUM,CLUB
HOMBRE,19,9,PREMIUM,CLUB
HOMBRE,19,7,PREMIUM,CLUB
HOMBRE,19,4,PREMIUM,CLUB
MUJER,19,10,PREMIUM,CLUB
HOMBRE,25,7,PREMIUM,CLUB
HOMBRE,19,8,PREMIUM,CLUB
MUJER,19,8,PREMIUM,CLUB
HOMBRE,20,8,PREMIUM,CLUB
MUJER,19,4,PREMIUM,CLUB
HOMBRE,20,8,PREMIUM,CLUB
HOMBRE,19,7,PREMIUM,CLUB
MUJER,18,10,PREMIUM,CLUB
HOMBRE,19,9,PREMIUM,CLUB
MUJER,18,7,PREMIUM,CLUB
HOMBRE,20,4,PREMIUM,CLUB
MUJER,24,5,PREMIUM,CLUB
MUJER,22,8,PREMIUM,CLUB
MUJER,18,1,PREMIUM,CLUB
HOMBRE,25,8,PREMIUM,CLUB
MUJER,24,7,PREMIUM,CLUB
HOMBRE,18,9,PREMIUM,CLUB
HOMBRE,24,8,PREMIUM,CLUB
MUJER,19,8,PREMIUM,CLUB
MUJER,23,8,PREMIUM,CLUB
HOMBRE,24,9,PREMIUM,CLUB
MUJER,25,10,PREMIUM,CLUB
HOMBRE,25,3,PREMIUM,CLUB
MUJER,25,8,PREMIUM,CLUB
HOMBRE,25,10,PREMIUM,CLUB
HOMBRE,22,1,PREMIUM,SIEMBRA
HOMBRE,22,4,PREMIUM,SIEMBRA
HOMBRE,22,1,PREMIUM,SIEMBRA
HOMBRE,20,6,PREMIUM,SIEMBRA
HOMBRE,20,4,PREMIUM,SIEMBRA
HOMBRE,20,1,PREMIUM,SIEMBRA
MUJER,21,1,PREMIUM,SIEMBRA
HOMBRE,21,4,PREMIUM,SIEMBRA
MUJER,20,6,PREMIUM,SIEMBRA
MUJER,20,5,PREMIUM,SIEMBRA
HOMBRE,20,1,PREMIUM,SIEMBRA
MUJER,20,8,PREMIUM,SIEMBRA
HOMBRE,20,1,PREMIUM,SIEMBRA
MUJER,20,5,PREMIUM,SIEMBRA
MUJER,19,3,PREMIUM,SIEMBRA
MUJER,18,5,PREMIUM,SIEMBRA
HOMBRE,19,7,PREMIUM,SIEMBRA
HOMBRE,18,5,PREMIUM,SIEMBRA
HOMBRE,26,5,PREMIUM,SIEMBRA
HOMBRE,24,5,PREMIUM,SIEMBRA
HOMBRE,24,1,PREMIUM,SIEMBRA
MUJER,20,7,PREMIUM,SIEMBRA
HOMBRE,18,3,PREMIUM,SIEMBRA
HOMBRE,19,2,PREMIUM,SIEMBRA
HOMBRE,19,3,PREMIUM,SIEMBRA
HOMBRE,19,1,PREMIUM,SIEMBRA
MUJER,19,5,PREMIUM,SIEMBRA
HOMBRE,25,5,PREMIUM,SIEMBRA
HOMBRE,19,6,PREMIUM,SIEMBRA
MUJER,19,4,PREMIUM,SIEMBRA
HOMBRE,20,5,PREMIUM,SIEMBRA
MUJER,19,1,PREMIUM,SIEMBRA
HOMBRE,20,1,PREMIUM,SIEMBRA
HOMBRE,19,4,PREMIUM,SIEMBRA
MUJER,18,5,PREMIUM,SIEMBRA
HOMBRE,19,6,PREMIUM,SIEMBRA
MUJER,18,3,PREMIUM,SIEMBRA
HOMBRE,20,2,PREMIUM,SIEMBRA
MUJER,24,5,PREMIUM,SIEMBRA
MUJER,22,5,PREMIUM,SIEMBRA
MUJER,18,4,PREMIUM,SIEMBRA
HOMBRE,25,1,PREMIUM,SIEMBRA
MUJER,24,2,PREMIUM,SIEMBRA
HOMBRE,18,7,PREMIUM,SIEMBRA
HOMBRE,24,7,PREMIUM,SIEMBRA
MUJER,19,1,PREMIUM,SIEMBRA
MUJER,23,8,PREMIUM,SIEMBRA
HOMBRE,24,3,PREMIUM,SIEMBRA
MUJER,25,1,PREMIUM,SIEMBRA
HOMBRE,25,1,PREMIUM,SIEMBRA
MUJER,25,5,PREMIUM,SIEMBRA
HOMBRE,25,3,PREMIUM,SIEMBRA
HOMBRE,22,9,PREMIUM,CORONA
HOMBRE,22,9,PREMIUM,CORONA
HOMBRE,22,10,PREMIUM,CORONA
HOMBRE,20,8,PREMIUM,CORONA
HOMBRE,20,8,PREMIUM,CORONA
HOMBRE,20,10,PREMIUM,CORONA
MUJER,21,9,PREMIUM,CORONA
HOMBRE,21,8,PREMIUM,CORONA
MUJER,20,9,PREMIUM,CORONA
MUJER,20,8,PREMIUM,CORONA
HOMBRE,20,9,PREMIUM,CORONA
MUJER,20,9,PREMIUM,CORONA
HOMBRE,20,10,PREMIUM,CORONA
MUJER,20,10,PREMIUM,CORONA
MUJER,19,8,PREMIUM,CORONA
MUJER,18,7,PREMIUM,CORONA
HOMBRE,19,10,PREMIUM,CORONA
HOMBRE,18,8,PREMIUM,CORONA
HOMBRE,26,9,PREMIUM,CORONA
HOMBRE,24,6,PREMIUM,CORONA
HOMBRE,24,7,PREMIUM,CORONA
MUJER,20,6,PREMIUM,CORONA
HOMBRE,18,6,PREMIUM,CORONA
HOMBRE,19,9,PREMIUM,CORONA
HOMBRE,19,8,PREMIUM,CORONA
HOMBRE,19,7,PREMIUM,CORONA
MUJER,19,10,PREMIUM,CORONA
HOMBRE,25,7,PREMIUM,CORONA
HOMBRE,19,10,PREMIUM,CORONA
MUJER,19,10,PREMIUM,CORONA
HOMBRE,20,9,PREMIUM,CORONA
MUJER,19,8,PREMIUM,CORONA
HOMBRE,20,8,PREMIUM,CORONA
HOMBRE,19,3,PREMIUM,CORONA
MUJER,18,5,PREMIUM,CORONA
HOMBRE,19,10,PREMIUM,CORONA
MUJER,18,9,PREMIUM,CORONA
HOMBRE,20,8,PREMIUM,CORONA
MUJER,24,9,PREMIUM,CORONA
MUJER,22,10,PREMIUM,CORONA
MUJER,18,1,PREMIUM,CORONA
HOMBRE,25,9,PREMIUM,CORONA
MUJER,24,8,PREMIUM,CORONA
HOMBRE,18,8,PREMIUM,CORONA
HOMBRE,24,8,PREMIUM,CORONA
MUJER,19,9,PREMIUM,CORONA
MUJER,23,8,PREMIUM,CORONA
HOMBRE,24,7,PREMIUM,CORONA
MUJER,25,10,PREMIUM,CORONA
HOMBRE,25,7,PREMIUM,CORONA
MUJER,25,9,PREMIUM,CORONA
HOMBRE,25,9,PREMIUM,CORONA
HOMBRE,22,10,PREMIUM,HEINEKEN
HOMBRE,22,9,PREMIUM,HEINEKEN
HOMBRE,22,9,PREMIUM,HEINEKEN
HOMBRE,20,9,PREMIUM,HEINEKEN
HOMBRE,20,9,PREMIUM,HEINEKEN
HOMBRE,20,10,PREMIUM,HEINEKEN
MUJER,21,7,PREMIUM,HEINEKEN
HOMBRE,21,9,PREMIUM,HEINEKEN
MUJER,20,9,PREMIUM,HEINEKEN
MUJER,20,10,PREMIUM,HEINEKEN
HOMBRE,20,9,PREMIUM,HEINEKEN
MUJER,20,9,PREMIUM,HEINEKEN
HOMBRE,20,10,PREMIUM,HEINEKEN
MUJER,20,7,PREMIUM,HEINEKEN
MUJER,19,9,PREMIUM,HEINEKEN
MUJER,18,8,PREMIUM,HEINEKEN
HOMBRE,19,7,PREMIUM,HEINEKEN
HOMBRE,18,8,PREMIUM,HEINEKEN
HOMBRE,26,10,PREMIUM,HEINEKEN
HOMBRE,24,10,PREMIUM,HEINEKEN
HOMBRE,24,5,PREMIUM,HEINEKEN
MUJER,20,9,PREMIUM,HEINEKEN
HOMBRE,18,6,PREMIUM,HEINEKEN
HOMBRE,19,10,PREMIUM,HEINEKEN
HOMBRE,19,10,PREMIUM,HEINEKEN
HOMBRE,19,4,PREMIUM,HEINEKEN
MUJER,19,10,PREMIUM,HEINEKEN
HOMBRE,25,7,PREMIUM,HEINEKEN
HOMBRE,19,10,PREMIUM,HEINEKEN
MUJER,19,8,PREMIUM,HEINEKEN
HOMBRE,20,8,PREMIUM,HEINEKEN
MUJER,19,8,PREMIUM,HEINEKEN
HOMBRE,20,10,PREMIUM,HEINEKEN
HOMBRE,19,10,PREMIUM,HEINEKEN
MUJER,18,9,PREMIUM,HEINEKEN
HOMBRE,19,8,PREMIUM,HEINEKEN
MUJER,18,8,PREMIUM,HEINEKEN
HOMBRE,20,8,PREMIUM,HEINEKEN
MUJER,24,9,PREMIUM,HEINEKEN
MUJER,22,10,PREMIUM,HEINEKEN
MUJER,18,6,PREMIUM,HEINEKEN
HOMBRE,25,10,PREMIUM,HEINEKEN
MUJER,24,8,PREMIUM,HEINEKEN
HOMBRE,18,7,PREMIUM,HEINEKEN
HOMBRE,24,8,PREMIUM,HEINEKEN
MUJER,19,10,PREMIUM,HEINEKEN
MUJER,23,8,PREMIUM,HEINEKEN
HOMBRE,24,9,PREMIUM,HEINEKEN
MUJER,25,8,PREMIUM,HEINEKEN
HOMBRE,25,10,PREMIUM,HEINEKEN
MUJER,25,10,PREMIUM,HEINEKEN
HOMBRE,25,8,PREMIUM,HEINEKEN
HOMBRE,22,10,APEGO A LA JUVENTUD,PILSENER
HOMBRE,22,2,APEGO A LA JUVENTUD,PILSENER
HOMBRE,22,10,APEGO A LA JUVENTUD,PILSENER
HOMBRE,20,9,APEGO A LA JUVENTUD,PILSENER
HOMBRE,20,8,APEGO A LA JUVENTUD,PILSENER
HOMBRE,20,1,APEGO A LA JUVENTUD,PILSENER
MUJER,21,5,APEGO A LA JUVENTUD,PILSENER
HOMBRE,21,8,APEGO A LA JUVENTUD,PILSENER
MUJER,20,9,APEGO A LA JUVENTUD,PILSENER
MUJER,20,9,APEGO A LA JUVENTUD,PILSENER
HOMBRE,20,2,APEGO A LA JUVENTUD,PILSENER
MUJER,20,9,APEGO A LA JUVENTUD,PILSENER
HOMBRE,20,3,APEGO A LA JUVENTUD,PILSENER
MUJER,20,7,APEGO A LA JUVENTUD,PILSENER
MUJER,19,5,APEGO A LA JUVENTUD,PILSENER
MUJER,18,7,APEGO A LA JUVENTUD,PILSENER
HOMBRE,19,10,APEGO A LA JUVENTUD,PILSENER
HOMBRE,18,5,APEGO A LA JUVENTUD,PILSENER
HOMBRE,26,7,APEGO A LA JUVENTUD,PILSENER
HOMBRE,24,10,APEGO A LA JUVENTUD,PILSENER
HOMBRE,24,4,APEGO A LA JUVENTUD,PILSENER
MUJER,20,9,APEGO A LA JUVENTUD,PILSENER
HOMBRE,18,5,APEGO A LA JUVENTUD,PILSENER
HOMBRE,19,9,APEGO A LA JUVENTUD,PILSENER
HOMBRE,19,5,APEGO A LA JUVENTUD,PILSENER
HOMBRE,19,1,APEGO A LA JUVENTUD,PILSENER
MUJER,19,6,APEGO A LA JUVENTUD,PILSENER
HOMBRE,25,1,APEGO A LA JUVENTUD,PILSENER
HOMBRE,19,10,APEGO A LA JUVENTUD,PILSENER
MUJER,19,8,APEGO A LA JUVENTUD,PILSENER
HOMBRE,20,5,APEGO A LA JUVENTUD,PILSENER
MUJER,19,10,APEGO A LA JUVENTUD,PILSENER
HOMBRE,20,7,APEGO A LA JUVENTUD,PILSENER
HOMBRE,19,7,APEGO A LA JUVENTUD,PILSENER
MUJER,18,4,APEGO A LA JUVENTUD,PILSENER
HOMBRE,19,8,APEGO A LA JUVENTUD,PILSENER
MUJER,18,7,APEGO A LA JUVENTUD,PILSENER
HOMBRE,20,4,APEGO A LA JUVENTUD,PILSENER
MUJER,24,5,APEGO A LA JUVENTUD,PILSENER
MUJER,22,8,APEGO A LA JUVENTUD,PILSENER
MUJER,18,5,APEGO A LA JUVENTUD,PILSENER
HOMBRE,25,1,APEGO A LA JUVENTUD,PILSENER
MUJER,24,5,APEGO A LA JUVENTUD,PILSENER
HOMBRE,18,10,APEGO A LA JUVENTUD,PILSENER
HOMBRE,24,10,APEGO A LA JUVENTUD,PILSENER
MUJER,19,8,APEGO A LA JUVENTUD,PILSENER
MUJER,23,8,APEGO A LA JUVENTUD,PILSENER
HOMBRE,24,5,APEGO A LA JUVENTUD,PILSENER
MUJER,25,10,APEGO A LA JUVENTUD,PILSENER
HOMBRE,25,8,APEGO A LA JUVENTUD,PILSENER
MUJER,25,10,APEGO A LA JUVENTUD,PILSENER
HOMBRE,25,2,APEGO A LA JUVENTUD,PILSENER
HOMBRE,22,8,APEGO A LA JUVENTUD,CLUB
HOMBRE,22,8,APEGO A LA JUVENTUD,CLUB
HOMBRE,22,10,APEGO A LA JUVENTUD,CLUB
HOMBRE,20,9,APEGO A LA JUVENTUD,CLUB
HOMBRE,20,7,APEGO A LA JUVENTUD,CLUB
HOMBRE,20,10,APEGO A LA JUVENTUD,CLUB
MUJER,21,6,APEGO A LA JUVENTUD,CLUB
HOMBRE,21,9,APEGO A LA JUVENTUD,CLUB
MUJER,20,8,APEGO A LA JUVENTUD,CLUB
MUJER,20,8,APEGO A LA JUVENTUD,CLUB
HOMBRE,20,7,APEGO A LA JUVENTUD,CLUB
MUJER,20,8,APEGO A LA JUVENTUD,CLUB
HOMBRE,20,5,APEGO A LA JUVENTUD,CLUB
MUJER,20,10,APEGO A LA JUVENTUD,CLUB
MUJER,19,7,APEGO A LA JUVENTUD,CLUB
MUJER,18,6,APEGO A LA JUVENTUD,CLUB
HOMBRE,19,8,APEGO A LA JUVENTUD,CLUB
HOMBRE,18,8,APEGO A LA JUVENTUD,CLUB
HOMBRE,26,10,APEGO A LA JUVENTUD,CLUB
HOMBRE,24,9,APEGO A LA JUVENTUD,CLUB
HOMBRE,24,7,APEGO A LA JUVENTUD,CLUB
MUJER,20,10,APEGO A LA JUVENTUD,CLUB
HOMBRE,18,6,APEGO A LA JUVENTUD,CLUB
HOMBRE,19,9,APEGO A LA JUVENTUD,CLUB
HOMBRE,19,10,APEGO A LA JUVENTUD,CLUB
HOMBRE,19,10,APEGO A LA JUVENTUD,CLUB
MUJER,19,8,APEGO A LA JUVENTUD,CLUB
HOMBRE,25,1,APEGO A LA JUVENTUD,CLUB
HOMBRE,19,10,APEGO A LA JUVENTUD,CLUB
MUJER,19,9,APEGO A LA JUVENTUD,CLUB
HOMBRE,20,5,APEGO A LA JUVENTUD,CLUB
MUJER,19,7,APEGO A LA JUVENTUD,CLUB
HOMBRE,20,7,APEGO A LA JUVENTUD,CLUB
HOMBRE,19,6,APEGO A LA JUVENTUD,CLUB
MUJER,18,10,APEGO A LA JUVENTUD,CLUB
HOMBRE,19,8,APEGO A LA JUVENTUD,CLUB
MUJER,18,7,APEGO A LA JUVENTUD,CLUB
HOMBRE,20,5,APEGO A LA JUVENTUD,CLUB
MUJER,24,10,APEGO A LA JUVENTUD,CLUB
MUJER,22,8,APEGO A LA JUVENTUD,CLUB
MUJER,18,5,APEGO A LA JUVENTUD,CLUB
HOMBRE,25,7,APEGO A LA JUVENTUD,CLUB
MUJER,24,7,APEGO A LA JUVENTUD,CLUB
HOMBRE,18,10,APEGO A LA JUVENTUD,CLUB
HOMBRE,24,7,APEGO A LA JUVENTUD,CLUB
MUJER,19,9,APEGO A LA JUVENTUD,CLUB
MUJER,23,9,APEGO A LA JUVENTUD,CLUB
HOMBRE,24,7,APEGO A LA JUVENTUD,CLUB
MUJER,25,10,APEGO A LA JUVENTUD,CLUB
HOMBRE,25,8,APEGO A LA JUVENTUD,CLUB
MUJER,25,9,APEGO A LA JUVENTUD,CLUB
HOMBRE,25,8,APEGO A LA JUVENTUD,CLUB
HOMBRE,22,7,APEGO A LA JUVENTUD,SIEMBRA
HOMBRE,22,10,APEGO A LA JUVENTUD,SIEMBRA
HOMBRE,22,10,APEGO A LA JUVENTUD,SIEMBRA
HOMBRE,20,7,APEGO A LA JUVENTUD,SIEMBRA
HOMBRE,20,9,APEGO A LA JUVENTUD,SIEMBRA
HOMBRE,20,8,APEGO A LA JUVENTUD,SIEMBRA
MUJER,21,4,APEGO A LA JUVENTUD,SIEMBRA
HOMBRE,21,6,APEGO A LA JUVENTUD,SIEMBRA
MUJER,20,7,APEGO A LA JUVENTUD,SIEMBRA
MUJER,20,10,APEGO A LA JUVENTUD,SIEMBRA
HOMBRE,20,2,APEGO A LA JUVENTUD,SIEMBRA
MUJER,20,9,APEGO A LA JUVENTUD,SIEMBRA
HOMBRE,20,2,APEGO A LA JUVENTUD,SIEMBRA
MUJER,20,6,APEGO A LA JUVENTUD,SIEMBRA
MUJER,19,2,APEGO A LA JUVENTUD,SIEMBRA
MUJER,18,4,APEGO A LA JUVENTUD,SIEMBRA
HOMBRE,19,7,APEGO A LA JUVENTUD,SIEMBRA
HOMBRE,18,8,APEGO A LA JUVENTUD,SIEMBRA
HOMBRE,26,10,APEGO A LA JUVENTUD,SIEMBRA
HOMBRE,24,7,APEGO A LA JUVENTUD,SIEMBRA
HOMBRE,24,3,APEGO A LA JUVENTUD,SIEMBRA
MUJER,20,10,APEGO A LA JUVENTUD,SIEMBRA
HOMBRE,18,5,APEGO A LA JUVENTUD,SIEMBRA
HOMBRE,19,4,APEGO A LA JUVENTUD,SIEMBRA
HOMBRE,19,10,APEGO A LA JUVENTUD,SIEMBRA
HOMBRE,19,1,APEGO A LA JUVENTUD,SIEMBRA
MUJER,19,4,APEGO A LA JUVENTUD,SIEMBRA
HOMBRE,25,1,APEGO A LA JUVENTUD,SIEMBRA
HOMBRE,19,8,APEGO A LA JUVENTUD,SIEMBRA
MUJER,19,4,APEGO A LA JUVENTUD,SIEMBRA
HOMBRE,20,6,APEGO A LA JUVENTUD,SIEMBRA
MUJER,19,7,APEGO A LA JUVENTUD,SIEMBRA
HOMBRE,20,1,APEGO A LA JUVENTUD,SIEMBRA
HOMBRE,19,7,APEGO A LA JUVENTUD,SIEMBRA
MUJER,18,4,APEGO A LA JUVENTUD,SIEMBRA
HOMBRE,19,4,APEGO A LA JUVENTUD,SIEMBRA
MUJER,18,7,APEGO A LA JUVENTUD,SIEMBRA
HOMBRE,20,2,APEGO A LA JUVENTUD,SIEMBRA
MUJER,24,5,APEGO A LA JUVENTUD,SIEMBRA
MUJER,22,8,APEGO A LA JUVENTUD,SIEMBRA
MUJER,18,5,APEGO A LA JUVENTUD,SIEMBRA
HOMBRE,25,10,APEGO A LA JUVENTUD,SIEMBRA
MUJER,24,4,APEGO A LA JUVENTUD,SIEMBRA
HOMBRE,18,7,APEGO A LA JUVENTUD,SIEMBRA
HOMBRE,24,10,APEGO A LA JUVENTUD,SIEMBRA
MUJER,19,10,APEGO A LA JUVENTUD,SIEMBRA
MUJER,23,6,APEGO A LA JUVENTUD,SIEMBRA
HOMBRE,24,4,APEGO A LA JUVENTUD,SIEMBRA
MUJER,25,7,APEGO A LA JUVENTUD,SIEMBRA
HOMBRE,25,8,APEGO A LA JUVENTUD,SIEMBRA
MUJER,25,9,APEGO A LA JUVENTUD,SIEMBRA
HOMBRE,25,10,APEGO A LA JUVENTUD,SIEMBRA
HOMBRE,22,6,APEGO A LA JUVENTUD,CORONA
HOMBRE,22,10,APEGO A LA JUVENTUD,CORONA
HOMBRE,22,10,APEGO A LA JUVENTUD,CORONA
HOMBRE,20,9,APEGO A LA JUVENTUD,CORONA
HOMBRE,20,7,APEGO A LA JUVENTUD,CORONA
HOMBRE,20,10,APEGO A LA JUVENTUD,CORONA
MUJER,21,7,APEGO A LA JUVENTUD,CORONA
HOMBRE,21,10,APEGO A LA JUVENTUD,CORONA
MUJER,20,8,APEGO A LA JUVENTUD,CORONA
MUJER,20,10,APEGO A LA JUVENTUD,CORONA
HOMBRE,20,7,APEGO A LA JUVENTUD,CORONA
MUJER,20,7,APEGO A LA JUVENTUD,CORONA
HOMBRE,20,8,APEGO A LA JUVENTUD,CORONA
MUJER,20,10,APEGO A LA JUVENTUD,CORONA
MUJER,19,7,APEGO A LA JUVENTUD,CORONA
MUJER,18,6,APEGO A LA JUVENTUD,CORONA
HOMBRE,19,8,APEGO A LA JUVENTUD,CORONA
HOMBRE,18,7,APEGO A LA JUVENTUD,CORONA
HOMBRE,26,10,APEGO A LA JUVENTUD,CORONA
HOMBRE,24,8,APEGO A LA JUVENTUD,CORONA
HOMBRE,24,8,APEGO A LA JUVENTUD,CORONA
MUJER,20,10,APEGO A LA JUVENTUD,CORONA
HOMBRE,18,5,APEGO A LA JUVENTUD,CORONA
HOMBRE,19,8,APEGO A LA JUVENTUD,CORONA
HOMBRE,19,5,APEGO A LA JUVENTUD,CORONA
HOMBRE,19,9,APEGO A LA JUVENTUD,CORONA
MUJER,19,10,APEGO A LA JUVENTUD,CORONA
HOMBRE,25,1,APEGO A LA JUVENTUD,CORONA
HOMBRE,19,10,APEGO A LA JUVENTUD,CORONA
MUJER,19,6,APEGO A LA JUVENTUD,CORONA
HOMBRE,20,5,APEGO A LA JUVENTUD,CORONA
MUJER,19,7,APEGO A LA JUVENTUD,CORONA
HOMBRE,20,7,APEGO A LA JUVENTUD,CORONA
HOMBRE,19,9,APEGO A LA JUVENTUD,CORONA
MUJER,18,9,APEGO A LA JUVENTUD,CORONA
HOMBRE,19,8,APEGO A LA JUVENTUD,CORONA
MUJER,18,9,APEGO A LA JUVENTUD,CORONA
HOMBRE,20,6,APEGO A LA JUVENTUD,CORONA
MUJER,24,8,APEGO A LA JUVENTUD,CORONA
MUJER,22,8,APEGO A LA JUVENTUD,CORONA
MUJER,18,5,APEGO A LA JUVENTUD,CORONA
HOMBRE,25,8,APEGO A LA JUVENTUD,CORONA
MUJER,24,9,APEGO A LA JUVENTUD,CORONA
HOMBRE,18,10,APEGO A LA JUVENTUD,CORONA
HOMBRE,24,8,APEGO A LA JUVENTUD,CORONA
MUJER,19,7,APEGO A LA JUVENTUD,CORONA
MUJER,23,10,APEGO A LA JUVENTUD,CORONA
HOMBRE,24,6,APEGO A LA JUVENTUD,CORONA
MUJER,25,9,APEGO A LA JUVENTUD,CORONA
HOMBRE,25,8,APEGO A LA JUVENTUD,CORONA
MUJER,25,9,APEGO A LA JUVENTUD,CORONA
HOMBRE,25,10,APEGO A LA JUVENTUD,CORONA
HOMBRE,22,3,APEGO A LA JUVENTUD,HEINEKEN
HOMBRE,22,2,APEGO A LA JUVENTUD,HEINEKEN
HOMBRE,22,10,APEGO A LA JUVENTUD,HEINEKEN
HOMBRE,20,8,APEGO A LA JUVENTUD,HEINEKEN
HOMBRE,20,7,APEGO A LA JUVENTUD,HEINEKEN
HOMBRE,20,10,APEGO A LA JUVENTUD,HEINEKEN
MUJER,21,5,APEGO A LA JUVENTUD,HEINEKEN
HOMBRE,21,9,APEGO A LA JUVENTUD,HEINEKEN
MUJER,20,7,APEGO A LA JUVENTUD,HEINEKEN
MUJER,20,3,APEGO A LA JUVENTUD,HEINEKEN
HOMBRE,20,8,APEGO A LA JUVENTUD,HEINEKEN
MUJER,20,7,APEGO A LA JUVENTUD,HEINEKEN
HOMBRE,20,8,APEGO A LA JUVENTUD,HEINEKEN
MUJER,20,5,APEGO A LA JUVENTUD,HEINEKEN
MUJER,19,7,APEGO A LA JUVENTUD,HEINEKEN
MUJER,18,6,APEGO A LA JUVENTUD,HEINEKEN
HOMBRE,19,7,APEGO A LA JUVENTUD,HEINEKEN
HOMBRE,18,5,APEGO A LA JUVENTUD,HEINEKEN
HOMBRE,26,10,APEGO A LA JUVENTUD,HEINEKEN
HOMBRE,24,6,APEGO A LA JUVENTUD,HEINEKEN
HOMBRE,24,6,APEGO A LA JUVENTUD,HEINEKEN
MUJER,20,9,APEGO A LA JUVENTUD,HEINEKEN
HOMBRE,18,5,APEGO A LA JUVENTUD,HEINEKEN
HOMBRE,19,4,APEGO A LA JUVENTUD,HEINEKEN
HOMBRE,19,3,APEGO A LA JUVENTUD,HEINEKEN
HOMBRE,19,1,APEGO A LA JUVENTUD,HEINEKEN
MUJER,19,10,APEGO A LA JUVENTUD,HEINEKEN
HOMBRE,25,1,APEGO A LA JUVENTUD,HEINEKEN
HOMBRE,19,7,APEGO A LA JUVENTUD,HEINEKEN
MUJER,19,7,APEGO A LA JUVENTUD,HEINEKEN
HOMBRE,20,5,APEGO A LA JUVENTUD,HEINEKEN
MUJER,19,7,APEGO A LA JUVENTUD,HEINEKEN
HOMBRE,20,7,APEGO A LA JUVENTUD,HEINEKEN
HOMBRE,19,5,APEGO A LA JUVENTUD,HEINEKEN
MUJER,18,7,APEGO A LA JUVENTUD,HEINEKEN
HOMBRE,19,6,APEGO A LA JUVENTUD,HEINEKEN
MUJER,18,9,APEGO A LA JUVENTUD,HEINEKEN
HOMBRE,20,5,APEGO A LA JUVENTUD,HEINEKEN
MUJER,24,7,APEGO A LA JUVENTUD,HEINEKEN
MUJER,22,8,APEGO A LA JUVENTUD,HEINEKEN
MUJER,18,5,APEGO A LA JUVENTUD,HEINEKEN
HOMBRE,25,9,APEGO A LA JUVENTUD,HEINEKEN
MUJER,24,9,APEGO A LA JUVENTUD,HEINEKEN
HOMBRE,18,7,APEGO A LA JUVENTUD,HEINEKEN
HOMBRE,24,8,APEGO A LA JUVENTUD,HEINEKEN
MUJER,19,6,APEGO A LA JUVENTUD,HEINEKEN
MUJER,23,8,APEGO A LA JUVENTUD,HEINEKEN
HOMBRE,24,7,APEGO A LA JUVENTUD,HEINEKEN
MUJER,25,10,APEGO A LA JUVENTUD,HEINEKEN
HOMBRE,25,9,APEGO A LA JUVENTUD,HEINEKEN
MUJER,25,8,APEGO A LA JUVENTUD,HEINEKEN
HOMBRE,25,7,APEGO A LA JUVENTUD,HEINEKEN
HOMBRE,22,10,ACCESIBILIDAD EN PUNTOS DE VENTA,PILSENER
HOMBRE,22,10,ACCESIBILIDAD EN PUNTOS DE VENTA,PILSENER
HOMBRE,22,10,ACCESIBILIDAD EN PUNTOS DE VENTA,PILSENER
HOMBRE,20,10,ACCESIBILIDAD EN PUNTOS DE VENTA,PILSENER
HOMBRE,20,10,ACCESIBILIDAD EN PUNTOS DE VENTA,PILSENER
HOMBRE,20,9,ACCESIBILIDAD EN PUNTOS DE VENTA,PILSENER
MUJER,21,8,ACCESIBILIDAD EN PUNTOS DE VENTA,PILSENER
HOMBRE,21,10,ACCESIBILIDAD EN PUNTOS DE VENTA,PILSENER
MUJER,20,10,ACCESIBILIDAD EN PUNTOS DE VENTA,PILSENER
MUJER,20,10,ACCESIBILIDAD EN PUNTOS DE VENTA,PILSENER
HOMBRE,20,10,ACCESIBILIDAD EN PUNTOS DE VENTA,PILSENER
MUJER,20,10,ACCESIBILIDAD EN PUNTOS DE VENTA,PILSENER
HOMBRE,20,10,ACCESIBILIDAD EN PUNTOS DE VENTA,PILSENER
MUJER,20,10,ACCESIBILIDAD EN PUNTOS DE VENTA,PILSENER
MUJER,19,10,ACCESIBILIDAD EN PUNTOS DE VENTA,PILSENER
MUJER,18,9,ACCESIBILIDAD EN PUNTOS DE VENTA,PILSENER
HOMBRE,19,10,ACCESIBILIDAD EN PUNTOS DE VENTA,PILSENER
HOMBRE,18,10,ACCESIBILIDAD EN PUNTOS DE VENTA,PILSENER
HOMBRE,26,10,ACCESIBILIDAD EN PUNTOS DE VENTA,PILSENER
HOMBRE,24,10,ACCESIBILIDAD EN PUNTOS DE VENTA,PILSENER
HOMBRE,24,8,ACCESIBILIDAD EN PUNTOS DE VENTA,PILSENER
MUJER,20,10,ACCESIBILIDAD EN PUNTOS DE VENTA,PILSENER
HOMBRE,18,10,ACCESIBILIDAD EN PUNTOS DE VENTA,PILSENER
HOMBRE,19,10,ACCESIBILIDAD EN PUNTOS DE VENTA,PILSENER
HOMBRE,19,10,ACCESIBILIDAD EN PUNTOS DE VENTA,PILSENER
HOMBRE,19,10,ACCESIBILIDAD EN PUNTOS DE VENTA,PILSENER
MUJER,19,10,ACCESIBILIDAD EN PUNTOS DE VENTA,PILSENER
HOMBRE,25,10,ACCESIBILIDAD EN PUNTOS DE VENTA,PILSENER
HOMBRE,19,10,ACCESIBILIDAD EN PUNTOS DE VENTA,PILSENER
MUJER,19,10,ACCESIBILIDAD EN PUNTOS DE VENTA,PILSENER
HOMBRE,20,10,ACCESIBILIDAD EN PUNTOS DE VENTA,PILSENER
MUJER,19,10,ACCESIBILIDAD EN PUNTOS DE VENTA,PILSENER
HOMBRE,20,10,ACCESIBILIDAD EN PUNTOS DE VENTA,PILSENER
HOMBRE,19,9,ACCESIBILIDAD EN PUNTOS DE VENTA,PILSENER
MUJER,18,10,ACCESIBILIDAD EN PUNTOS DE VENTA,PILSENER
HOMBRE,19,10,ACCESIBILIDAD EN PUNTOS DE VENTA,PILSENER
MUJER,18,8,ACCESIBILIDAD EN PUNTOS DE VENTA,PILSENER
HOMBRE,20,10,ACCESIBILIDAD EN PUNTOS DE VENTA,PILSENER
MUJER,24,10,ACCESIBILIDAD EN PUNTOS DE VENTA,PILSENER
MUJER,22,10,ACCESIBILIDAD EN PUNTOS DE VENTA,PILSENER
MUJER,18,10,ACCESIBILIDAD EN PUNTOS DE VENTA,PILSENER
HOMBRE,25,10,ACCESIBILIDAD EN PUNTOS DE VENTA,PILSENER
MUJER,24,10,ACCESIBILIDAD EN PUNTOS DE VENTA,PILSENER
HOMBRE,18,10,ACCESIBILIDAD EN PUNTOS DE VENTA,PILSENER
HOMBRE,24,10,ACCESIBILIDAD EN PUNTOS DE VENTA,PILSENER
MUJER,19,10,ACCESIBILIDAD EN PUNTOS DE VENTA,PILSENER
MUJER,23,10,ACCESIBILIDAD EN PUNTOS DE VENTA,PILSENER
HOMBRE,24,9,ACCESIBILIDAD EN PUNTOS DE VENTA,PILSENER
MUJER,25,10,ACCESIBILIDAD EN PUNTOS DE VENTA,PILSENER
HOMBRE,25,10,ACCESIBILIDAD EN PUNTOS DE VENTA,PILSENER
MUJER,25,10,ACCESIBILIDAD EN PUNTOS DE VENTA,PILSENER
HOMBRE,25,10,ACCESIBILIDAD EN PUNTOS DE VENTA,PILSENER
HOMBRE,22,10,ACCESIBILIDAD EN PUNTOS DE VENTA,CLUB
HOMBRE,22,10,ACCESIBILIDAD EN PUNTOS DE VENTA,CLUB
HOMBRE,22,10,ACCESIBILIDAD EN PUNTOS DE VENTA,CLUB
HOMBRE,20,8,ACCESIBILIDAD EN PUNTOS DE VENTA,CLUB
HOMBRE,20,10,ACCESIBILIDAD EN PUNTOS DE VENTA,CLUB
HOMBRE,20,8,ACCESIBILIDAD EN PUNTOS DE VENTA,CLUB
MUJER,21,9,ACCESIBILIDAD EN PUNTOS DE VENTA,CLUB
HOMBRE,21,10,ACCESIBILIDAD EN PUNTOS DE VENTA,CLUB
MUJER,20,10,ACCESIBILIDAD EN PUNTOS DE VENTA,CLUB
MUJER,20,8,ACCESIBILIDAD EN PUNTOS DE VENTA,CLUB
HOMBRE,20,9,ACCESIBILIDAD EN PUNTOS DE VENTA,CLUB
MUJER,20,8,ACCESIBILIDAD EN PUNTOS DE VENTA,CLUB
HOMBRE,20,10,ACCESIBILIDAD EN PUNTOS DE VENTA,CLUB
MUJER,20,10,ACCESIBILIDAD EN PUNTOS DE VENTA,CLUB
MUJER,19,10,ACCESIBILIDAD EN PUNTOS DE VENTA,CLUB
MUJER,18,9,ACCESIBILIDAD EN PUNTOS DE VENTA,CLUB
HOMBRE,19,10,ACCESIBILIDAD EN PUNTOS DE VENTA,CLUB
HOMBRE,18,10,ACCESIBILIDAD EN PUNTOS DE VENTA,CLUB
HOMBRE,26,10,ACCESIBILIDAD EN PUNTOS DE VENTA,CLUB
HOMBRE,24,10,ACCESIBILIDAD EN PUNTOS DE VENTA,CLUB
HOMBRE,24,9,ACCESIBILIDAD EN PUNTOS DE VENTA,CLUB
MUJER,20,10,ACCESIBILIDAD EN PUNTOS DE VENTA,CLUB
HOMBRE,18,10,ACCESIBILIDAD EN PUNTOS DE VENTA,CLUB
HOMBRE,19,10,ACCESIBILIDAD EN PUNTOS DE VENTA,CLUB
HOMBRE,19,10,ACCESIBILIDAD EN PUNTOS DE VENTA,CLUB
HOMBRE,19,10,ACCESIBILIDAD EN PUNTOS DE VENTA,CLUB
MUJER,19,10,ACCESIBILIDAD EN PUNTOS DE VENTA,CLUB
HOMBRE,25,8,ACCESIBILIDAD EN PUNTOS DE VENTA,CLUB
HOMBRE,19,10,ACCESIBILIDAD EN PUNTOS DE VENTA,CLUB
MUJER,19,9,ACCESIBILIDAD EN PUNTOS DE VENTA,CLUB
HOMBRE,20,10,ACCESIBILIDAD EN PUNTOS DE VENTA,CLUB
MUJER,19,10,ACCESIBILIDAD EN PUNTOS DE VENTA,CLUB
HOMBRE,20,10,ACCESIBILIDAD EN PUNTOS DE VENTA,CLUB
HOMBRE,19,9,ACCESIBILIDAD EN PUNTOS DE VENTA,CLUB
MUJER,18,10,ACCESIBILIDAD EN PUNTOS DE VENTA,CLUB
HOMBRE,19,10,ACCESIBILIDAD EN PUNTOS DE VENTA,CLUB
MUJER,18,8,ACCESIBILIDAD EN PUNTOS DE VENTA,CLUB
HOMBRE,20,10,ACCESIBILIDAD EN PUNTOS DE VENTA,CLUB
MUJER,24,10,ACCESIBILIDAD EN PUNTOS DE VENTA,CLUB
MUJER,22,10,ACCESIBILIDAD EN PUNTOS DE VENTA,CLUB
MUJER,18,10,ACCESIBILIDAD EN PUNTOS DE VENTA,CLUB
HOMBRE,25,10,ACCESIBILIDAD EN PUNTOS DE VENTA,CLUB
MUJER,24,10,ACCESIBILIDAD EN PUNTOS DE VENTA,CLUB
HOMBRE,18,10,ACCESIBILIDAD EN PUNTOS DE VENTA,CLUB
HOMBRE,24,9,ACCESIBILIDAD EN PUNTOS DE VENTA,CLUB
MUJER,19,10,ACCESIBILIDAD EN PUNTOS DE VENTA,CLUB
MUJER,23,10,ACCESIBILIDAD EN PUNTOS DE VENTA,CLUB
HOMBRE,24,7,ACCESIBILIDAD EN PUNTOS DE VENTA,CLUB
MUJER,25,10,ACCESIBILIDAD EN PUNTOS DE VENTA,CLUB
HOMBRE,25,10,ACCESIBILIDAD EN PUNTOS DE VENTA,CLUB
MUJER,25,10,ACCESIBILIDAD EN PUNTOS DE VENTA,CLUB
HOMBRE,25,10,ACCESIBILIDAD EN PUNTOS DE VENTA,CLUB
HOMBRE,22,10,ACCESIBILIDAD EN PUNTOS DE VENTA,SIEMBRA
HOMBRE,22,10,ACCESIBILIDAD EN PUNTOS DE VENTA,SIEMBRA
HOMBRE,22,10,ACCESIBILIDAD EN PUNTOS DE VENTA,SIEMBRA
HOMBRE,20,10,ACCESIBILIDAD EN PUNTOS DE VENTA,SIEMBRA
HOMBRE,20,9,ACCESIBILIDAD EN PUNTOS DE VENTA,SIEMBRA
HOMBRE,20,8,ACCESIBILIDAD EN PUNTOS DE VENTA,SIEMBRA
MUJER,21,7,ACCESIBILIDAD EN PUNTOS DE VENTA,SIEMBRA
HOMBRE,21,10,ACCESIBILIDAD EN PUNTOS DE VENTA,SIEMBRA
MUJER,20,9,ACCESIBILIDAD EN PUNTOS DE VENTA,SIEMBRA
MUJER,20,10,ACCESIBILIDAD EN PUNTOS DE VENTA,SIEMBRA
HOMBRE,20,9,ACCESIBILIDAD EN PUNTOS DE VENTA,SIEMBRA
MUJER,20,10,ACCESIBILIDAD EN PUNTOS DE VENTA,SIEMBRA
HOMBRE,20,7,ACCESIBILIDAD EN PUNTOS DE VENTA,SIEMBRA
MUJER,20,2,ACCESIBILIDAD EN PUNTOS DE VENTA,SIEMBRA
MUJER,19,8,ACCESIBILIDAD EN PUNTOS DE VENTA,SIEMBRA
MUJER,18,6,ACCESIBILIDAD EN PUNTOS DE VENTA,SIEMBRA
HOMBRE,19,8,ACCESIBILIDAD EN PUNTOS DE VENTA,SIEMBRA
HOMBRE,18,8,ACCESIBILIDAD EN PUNTOS DE VENTA,SIEMBRA
HOMBRE,26,10,ACCESIBILIDAD EN PUNTOS DE VENTA,SIEMBRA
HOMBRE,24,9,ACCESIBILIDAD EN PUNTOS DE VENTA,SIEMBRA
HOMBRE,24,5,ACCESIBILIDAD EN PUNTOS DE VENTA,SIEMBRA
MUJER,20,10,ACCESIBILIDAD EN PUNTOS DE VENTA,SIEMBRA
HOMBRE,18,10,ACCESIBILIDAD EN PUNTOS DE VENTA,SIEMBRA
HOMBRE,19,10,ACCESIBILIDAD EN PUNTOS DE VENTA,SIEMBRA
HOMBRE,19,10,ACCESIBILIDAD EN PUNTOS DE VENTA,SIEMBRA
HOMBRE,19,4,ACCESIBILIDAD EN PUNTOS DE VENTA,SIEMBRA
MUJER,19,10,ACCESIBILIDAD EN PUNTOS DE VENTA,SIEMBRA
HOMBRE,25,4,ACCESIBILIDAD EN PUNTOS DE VENTA,SIEMBRA
HOMBRE,19,6,ACCESIBILIDAD EN PUNTOS DE VENTA,SIEMBRA
MUJER,19,5,ACCESIBILIDAD EN PUNTOS DE VENTA,SIEMBRA
HOMBRE,20,10,ACCESIBILIDAD EN PUNTOS DE VENTA,SIEMBRA
MUJER,19,10,ACCESIBILIDAD EN PUNTOS DE VENTA,SIEMBRA
HOMBRE,20,10,ACCESIBILIDAD EN PUNTOS DE VENTA,SIEMBRA
HOMBRE,19,5,ACCESIBILIDAD EN PUNTOS DE VENTA,SIEMBRA
MUJER,18,7,ACCESIBILIDAD EN PUNTOS DE VENTA,SIEMBRA
HOMBRE,19,8,ACCESIBILIDAD EN PUNTOS DE VENTA,SIEMBRA
MUJER,18,8,ACCESIBILIDAD EN PUNTOS DE VENTA,SIEMBRA
HOMBRE,20,10,ACCESIBILIDAD EN PUNTOS DE VENTA,SIEMBRA
MUJER,24,10,ACCESIBILIDAD EN PUNTOS DE VENTA,SIEMBRA
MUJER,22,10,ACCESIBILIDAD EN PUNTOS DE VENTA,SIEMBRA
MUJER,18,6,ACCESIBILIDAD EN PUNTOS DE VENTA,SIEMBRA
HOMBRE,25,10,ACCESIBILIDAD EN PUNTOS DE VENTA,SIEMBRA
MUJER,24,10,ACCESIBILIDAD EN PUNTOS DE VENTA,SIEMBRA
HOMBRE,18,8,ACCESIBILIDAD EN PUNTOS DE VENTA,SIEMBRA
HOMBRE,24,10,ACCESIBILIDAD EN PUNTOS DE VENTA,SIEMBRA
MUJER,19,10,ACCESIBILIDAD EN PUNTOS DE VENTA,SIEMBRA
MUJER,23,9,ACCESIBILIDAD EN PUNTOS DE VENTA,SIEMBRA
HOMBRE,24,8,ACCESIBILIDAD EN PUNTOS DE VENTA,SIEMBRA
MUJER,25,10,ACCESIBILIDAD EN PUNTOS DE VENTA,SIEMBRA
HOMBRE,25,7,ACCESIBILIDAD EN PUNTOS DE VENTA,SIEMBRA
MUJER,25,9,ACCESIBILIDAD EN PUNTOS DE VENTA,SIEMBRA
HOMBRE,25,9,ACCESIBILIDAD EN PUNTOS DE VENTA,SIEMBRA
HOMBRE,22,10,ACCESIBILIDAD EN PUNTOS DE VENTA,CORONA
HOMBRE,22,5,ACCESIBILIDAD EN PUNTOS DE VENTA,CORONA
HOMBRE,22,10,ACCESIBILIDAD EN PUNTOS DE VENTA,CORONA
HOMBRE,20,8,ACCESIBILIDAD EN PUNTOS DE VENTA,CORONA
HOMBRE,20,9,ACCESIBILIDAD EN PUNTOS DE VENTA,CORONA
HOMBRE,20,9,ACCESIBILIDAD EN PUNTOS DE VENTA,CORONA
MUJER,21,5,ACCESIBILIDAD EN PUNTOS DE VENTA,CORONA
HOMBRE,21,6,ACCESIBILIDAD EN PUNTOS DE VENTA,CORONA
MUJER,20,10,ACCESIBILIDAD EN PUNTOS DE VENTA,CORONA
MUJER,20,10,ACCESIBILIDAD EN PUNTOS DE VENTA,CORONA
HOMBRE,20,5,ACCESIBILIDAD EN PUNTOS DE VENTA,CORONA
MUJER,20,8,ACCESIBILIDAD EN PUNTOS DE VENTA,CORONA
HOMBRE,20,5,ACCESIBILIDAD EN PUNTOS DE VENTA,CORONA
MUJER,20,9,ACCESIBILIDAD EN PUNTOS DE VENTA,CORONA
MUJER,19,6,ACCESIBILIDAD EN PUNTOS DE VENTA,CORONA
MUJER,18,9,ACCESIBILIDAD EN PUNTOS DE VENTA,CORONA
HOMBRE,19,10,ACCESIBILIDAD EN PUNTOS DE VENTA,CORONA
HOMBRE,18,8,ACCESIBILIDAD EN PUNTOS DE VENTA,CORONA
HOMBRE,26,5,ACCESIBILIDAD EN PUNTOS DE VENTA,CORONA
HOMBRE,24,6,ACCESIBILIDAD EN PUNTOS DE VENTA,CORONA
HOMBRE,24,8,ACCESIBILIDAD EN PUNTOS DE VENTA,CORONA
MUJER,20,10,ACCESIBILIDAD EN PUNTOS DE VENTA,CORONA
HOMBRE,18,10,ACCESIBILIDAD EN PUNTOS DE VENTA,CORONA
HOMBRE,19,9,ACCESIBILIDAD EN PUNTOS DE VENTA,CORONA
HOMBRE,19,10,ACCESIBILIDAD EN PUNTOS DE VENTA,CORONA
HOMBRE,19,10,ACCESIBILIDAD EN PUNTOS DE VENTA,CORONA
MUJER,19,10,ACCESIBILIDAD EN PUNTOS DE VENTA,CORONA
HOMBRE,25,9,ACCESIBILIDAD EN PUNTOS DE VENTA,CORONA
HOMBRE,19,10,ACCESIBILIDAD EN PUNTOS DE VENTA,CORONA
MUJER,19,9,ACCESIBILIDAD EN PUNTOS DE VENTA,CORONA
HOMBRE,20,10,ACCESIBILIDAD EN PUNTOS DE VENTA,CORONA
MUJER,19,10,ACCESIBILIDAD EN PUNTOS DE VENTA,CORONA
HOMBRE,20,8,ACCESIBILIDAD EN PUNTOS DE VENTA,CORONA
HOMBRE,19,7,ACCESIBILIDAD EN PUNTOS DE VENTA,CORONA
MUJER,18,10,ACCESIBILIDAD EN PUNTOS DE VENTA,CORONA
HOMBRE,19,9,ACCESIBILIDAD EN PUNTOS DE VENTA,CORONA
MUJER,18,8,ACCESIBILIDAD EN PUNTOS DE VENTA,CORONA
HOMBRE,20,5,ACCESIBILIDAD EN PUNTOS DE VENTA,CORONA
MUJER,24,8,ACCESIBILIDAD EN PUNTOS DE VENTA,CORONA
MUJER,22,7,ACCESIBILIDAD EN PUNTOS DE VENTA,CORONA
MUJER,18,10,ACCESIBILIDAD EN PUNTOS DE VENTA,CORONA
HOMBRE,25,8,ACCESIBILIDAD EN PUNTOS DE VENTA,CORONA
MUJER,24,10,ACCESIBILIDAD EN PUNTOS DE VENTA,CORONA
HOMBRE,18,10,ACCESIBILIDAD EN PUNTOS DE VENTA,CORONA
HOMBRE,24,8,ACCESIBILIDAD EN PUNTOS DE VENTA,CORONA
MUJER,19,9,ACCESIBILIDAD EN PUNTOS DE VENTA,CORONA
MUJER,23,7,ACCESIBILIDAD EN PUNTOS DE VENTA,CORONA
HOMBRE,24,6,ACCESIBILIDAD EN PUNTOS DE VENTA,CORONA
MUJER,25,10,ACCESIBILIDAD EN PUNTOS DE VENTA,CORONA
HOMBRE,25,7,ACCESIBILIDAD EN PUNTOS DE VENTA,CORONA
MUJER,25,8,ACCESIBILIDAD EN PUNTOS DE VENTA,CORONA
HOMBRE,25,7,ACCESIBILIDAD EN PUNTOS DE VENTA,CORONA
HOMBRE,22,8,ACCESIBILIDAD EN PUNTOS DE VENTA,HEINEKEN
HOMBRE,22,3,ACCESIBILIDAD EN PUNTOS DE VENTA,HEINEKEN
HOMBRE,22,10,ACCESIBILIDAD EN PUNTOS DE VENTA,HEINEKEN
HOMBRE,20,8,ACCESIBILIDAD EN PUNTOS DE VENTA,HEINEKEN
HOMBRE,20,6,ACCESIBILIDAD EN PUNTOS DE VENTA,HEINEKEN
HOMBRE,20,10,ACCESIBILIDAD EN PUNTOS DE VENTA,HEINEKEN
MUJER,21,3,ACCESIBILIDAD EN PUNTOS DE VENTA,HEINEKEN
HOMBRE,21,4,ACCESIBILIDAD EN PUNTOS DE VENTA,HEINEKEN
MUJER,20,9,ACCESIBILIDAD EN PUNTOS DE VENTA,HEINEKEN
MUJER,20,8,ACCESIBILIDAD EN PUNTOS DE VENTA,HEINEKEN
HOMBRE,20,5,ACCESIBILIDAD EN PUNTOS DE VENTA,HEINEKEN
MUJER,20,7,ACCESIBILIDAD EN PUNTOS DE VENTA,HEINEKEN
HOMBRE,20,4,ACCESIBILIDAD EN PUNTOS DE VENTA,HEINEKEN
MUJER,20,5,ACCESIBILIDAD EN PUNTOS DE VENTA,HEINEKEN
MUJER,19,5,ACCESIBILIDAD EN PUNTOS DE VENTA,HEINEKEN
MUJER,18,7,ACCESIBILIDAD EN PUNTOS DE VENTA,HEINEKEN
HOMBRE,19,9,ACCESIBILIDAD EN PUNTOS DE VENTA,HEINEKEN
HOMBRE,18,8,ACCESIBILIDAD EN PUNTOS DE VENTA,HEINEKEN
HOMBRE,26,5,ACCESIBILIDAD EN PUNTOS DE VENTA,HEINEKEN
HOMBRE,24,6,ACCESIBILIDAD EN PUNTOS DE VENTA,HEINEKEN
HOMBRE,24,5,ACCESIBILIDAD EN PUNTOS DE VENTA,HEINEKEN
MUJER,20,8,ACCESIBILIDAD EN PUNTOS DE VENTA,HEINEKEN
HOMBRE,18,10,ACCESIBILIDAD EN PUNTOS DE VENTA,HEINEKEN
HOMBRE,19,6,ACCESIBILIDAD EN PUNTOS DE VENTA,HEINEKEN
HOMBRE,19,9,ACCESIBILIDAD EN PUNTOS DE VENTA,HEINEKEN
HOMBRE,19,10,ACCESIBILIDAD EN PUNTOS DE VENTA,HEINEKEN
MUJER,19,8,ACCESIBILIDAD EN PUNTOS DE VENTA,HEINEKEN
HOMBRE,25,9,ACCESIBILIDAD EN PUNTOS DE VENTA,HEINEKEN
HOMBRE,19,6,ACCESIBILIDAD EN PUNTOS DE VENTA,HEINEKEN
MUJER,19,10,ACCESIBILIDAD EN PUNTOS DE VENTA,HEINEKEN
HOMBRE,20,9,ACCESIBILIDAD EN PUNTOS DE VENTA,HEINEKEN
MUJER,19,10,ACCESIBILIDAD EN PUNTOS DE VENTA,HEINEKEN
HOMBRE,20,8,ACCESIBILIDAD EN PUNTOS DE VENTA,HEINEKEN
HOMBRE,19,5,ACCESIBILIDAD EN PUNTOS DE VENTA,HEINEKEN
MUJER,18,9,ACCESIBILIDAD EN PUNTOS DE VENTA,HEINEKEN
HOMBRE,19,8,ACCESIBILIDAD EN PUNTOS DE VENTA,HEINEKEN
MUJER,18,8,ACCESIBILIDAD EN PUNTOS DE VENTA,HEINEKEN
HOMBRE,20,5,ACCESIBILIDAD EN PUNTOS DE VENTA,HEINEKEN
MUJER,24,8,ACCESIBILIDAD EN PUNTOS DE VENTA,HEINEKEN
MUJER,22,7,ACCESIBILIDAD EN PUNTOS DE VENTA,HEINEKEN
MUJER,18,6,ACCESIBILIDAD EN PUNTOS DE VENTA,HEINEKEN
HOMBRE,25,6,ACCESIBILIDAD EN PUNTOS DE VENTA,HEINEKEN
MUJER,24,9,ACCESIBILIDAD EN PUNTOS DE VENTA,HEINEKEN
HOMBRE,18,8,ACCESIBILIDAD EN PUNTOS DE VENTA,HEINEKEN
HOMBRE,24,7,ACCESIBILIDAD EN PUNTOS DE VENTA,HEINEKEN
MUJER,19,9,ACCESIBILIDAD EN PUNTOS DE VENTA,HEINEKEN
MUJER,23,7,ACCESIBILIDAD EN PUNTOS DE VENTA,HEINEKEN
HOMBRE,24,4,ACCESIBILIDAD EN PUNTOS DE VENTA,HEINEKEN
MUJER,25,10,ACCESIBILIDAD EN PUNTOS DE VENTA,HEINEKEN
HOMBRE,25,8,ACCESIBILIDAD EN PUNTOS DE VENTA,HEINEKEN
MUJER,25,8,ACCESIBILIDAD EN PUNTOS DE VENTA,HEINEKEN
HOMBRE,25,5,ACCESIBILIDAD EN PUNTOS DE VENTA,HEINEKEN
HOMBRE,22,5,ESTATUS,PILSENER
HOMBRE,22,1,ESTATUS,PILSENER
HOMBRE,22,5,ESTATUS,PILSENER
HOMBRE,20,9,ESTATUS,PILSENER
HOMBRE,20,6,ESTATUS,PILSENER
HOMBRE,20,1,ESTATUS,PILSENER
MUJER,21,1,ESTATUS,PILSENER
HOMBRE,21,8,ESTATUS,PILSENER
MUJER,20,7,ESTATUS,PILSENER
MUJER,20,2,ESTATUS,PILSENER
HOMBRE,20,1,ESTATUS,PILSENER
MUJER,20,7,ESTATUS,PILSENER
HOMBRE,20,3,ESTATUS,PILSENER
MUJER,20,9,ESTATUS,PILSENER
MUJER,19,2,ESTATUS,PILSENER
MUJER,18,4,ESTATUS,PILSENER
HOMBRE,19,8,ESTATUS,PILSENER
HOMBRE,18,1,ESTATUS,PILSENER
HOMBRE,26,5,ESTATUS,PILSENER
HOMBRE,24,3,ESTATUS,PILSENER
HOMBRE,24,1,ESTATUS,PILSENER
MUJER,20,4,ESTATUS,PILSENER
HOMBRE,18,1,ESTATUS,PILSENER
HOMBRE,19,8,ESTATUS,PILSENER
HOMBRE,19,2,ESTATUS,PILSENER
HOMBRE,19,1,ESTATUS,PILSENER
MUJER,19,5,ESTATUS,PILSENER
HOMBRE,25,1,ESTATUS,PILSENER
HOMBRE,19,7,ESTATUS,PILSENER
MUJER,19,9,ESTATUS,PILSENER
HOMBRE,20,5,ESTATUS,PILSENER
MUJER,19,7,ESTATUS,PILSENER
HOMBRE,20,1,ESTATUS,PILSENER
HOMBRE,19,5,ESTATUS,PILSENER
MUJER,18,7,ESTATUS,PILSENER
HOMBRE,19,8,ESTATUS,PILSENER
MUJER,18,1,ESTATUS,PILSENER
HOMBRE,20,1,ESTATUS,PILSENER
MUJER,24,7,ESTATUS,PILSENER
MUJER,22,7,ESTATUS,PILSENER
MUJER,18,1,ESTATUS,PILSENER
HOMBRE,25,1,ESTATUS,PILSENER
MUJER,24,1,ESTATUS,PILSENER
HOMBRE,18,8,ESTATUS,PILSENER
HOMBRE,24,8,ESTATUS,PILSENER
MUJER,19,2,ESTATUS,PILSENER
MUJER,23,5,ESTATUS,PILSENER
HOMBRE,24,6,ESTATUS,PILSENER
MUJER,25,9,ESTATUS,PILSENER
HOMBRE,25,2,ESTATUS,PILSENER
MUJER,25,7,ESTATUS,PILSENER
HOMBRE,25,4,ESTATUS,PILSENER
HOMBRE,22,7,ESTATUS,CLUB
HOMBRE,22,8,ESTATUS,CLUB
HOMBRE,22,5,ESTATUS,CLUB
HOMBRE,20,10,ESTATUS,CLUB
HOMBRE,20,7,ESTATUS,CLUB
HOMBRE,20,9,ESTATUS,CLUB
MUJER,21,2,ESTATUS,CLUB
HOMBRE,21,9,ESTATUS,CLUB
MUJER,20,9,ESTATUS,CLUB
MUJER,20,8,ESTATUS,CLUB
HOMBRE,20,6,ESTATUS,CLUB
MUJER,20,9,ESTATUS,CLUB
HOMBRE,20,7,ESTATUS,CLUB
MUJER,20,10,ESTATUS,CLUB
MUJER,19,3,ESTATUS,CLUB
MUJER,18,5,ESTATUS,CLUB
HOMBRE,19,8,ESTATUS,CLUB
HOMBRE,18,4,ESTATUS,CLUB
HOMBRE,26,7,ESTATUS,CLUB
HOMBRE,24,7,ESTATUS,CLUB
HOMBRE,24,1,ESTATUS,CLUB
MUJER,20,5,ESTATUS,CLUB
HOMBRE,18,1,ESTATUS,CLUB
HOMBRE,19,8,ESTATUS,CLUB
HOMBRE,19,7,ESTATUS,CLUB
HOMBRE,19,1,ESTATUS,CLUB
MUJER,19,10,ESTATUS,CLUB
HOMBRE,25,6,ESTATUS,CLUB
HOMBRE,19,7,ESTATUS,CLUB
MUJER,19,8,ESTATUS,CLUB
HOMBRE,20,8,ESTATUS,CLUB
MUJER,19,8,ESTATUS,CLUB
HOMBRE,20,8,ESTATUS,CLUB
HOMBRE,19,4,ESTATUS,CLUB
MUJER,18,8,ESTATUS,CLUB
HOMBRE,19,8,ESTATUS,CLUB
MUJER,18,9,ESTATUS,CLUB
HOMBRE,20,6,ESTATUS,CLUB
MUJER,24,8,ESTATUS,CLUB
MUJER,22,8,ESTATUS,CLUB
MUJER,18,1,ESTATUS,CLUB
HOMBRE,25,7,ESTATUS,CLUB
MUJER,24,5,ESTATUS,CLUB
HOMBRE,18,8,ESTATUS,CLUB
HOMBRE,24,9,ESTATUS,CLUB
MUJER,19,3,ESTATUS,CLUB
MUJER,23,5,ESTATUS,CLUB
HOMBRE,24,8,ESTATUS,CLUB
MUJER,25,10,ESTATUS,CLUB
HOMBRE,25,5,ESTATUS,CLUB
MUJER,25,8,ESTATUS,CLUB
HOMBRE,25,8,ESTATUS,CLUB
HOMBRE,22,2,ESTATUS,SIEMBRA
HOMBRE,22,1,ESTATUS,SIEMBRA
HOMBRE,22,1,ESTATUS,SIEMBRA
HOMBRE,20,6,ESTATUS,SIEMBRA
HOMBRE,20,4,ESTATUS,SIEMBRA
HOMBRE,20,5,ESTATUS,SIEMBRA
MUJER,21,3,ESTATUS,SIEMBRA
HOMBRE,21,5,ESTATUS,SIEMBRA
MUJER,20,5,ESTATUS,SIEMBRA
MUJER,20,1,ESTATUS,SIEMBRA
HOMBRE,20,1,ESTATUS,SIEMBRA
MUJER,20,7,ESTATUS,SIEMBRA
HOMBRE,20,1,ESTATUS,SIEMBRA
MUJER,20,7,ESTATUS,SIEMBRA
MUJER,19,2,ESTATUS,SIEMBRA
MUJER,18,5,ESTATUS,SIEMBRA
HOMBRE,19,8,ESTATUS,SIEMBRA
HOMBRE,18,4,ESTATUS,SIEMBRA
HOMBRE,26,8,ESTATUS,SIEMBRA
HOMBRE,24,1,ESTATUS,SIEMBRA
HOMBRE,24,1,ESTATUS,SIEMBRA
MUJER,20,4,ESTATUS,SIEMBRA
HOMBRE,18,1,ESTATUS,SIEMBRA
HOMBRE,19,2,ESTATUS,SIEMBRA
HOMBRE,19,2,ESTATUS,SIEMBRA
HOMBRE,19,1,ESTATUS,SIEMBRA
MUJER,19,4,ESTATUS,SIEMBRA
HOMBRE,25,7,ESTATUS,SIEMBRA
HOMBRE,19,7,ESTATUS,SIEMBRA
MUJER,19,7,ESTATUS,SIEMBRA
HOMBRE,20,5,ESTATUS,SIEMBRA
MUJER,19,4,ESTATUS,SIEMBRA
HOMBRE,20,1,ESTATUS,SIEMBRA
HOMBRE,19,2,ESTATUS,SIEMBRA
MUJER,18,5,ESTATUS,SIEMBRA
HOMBRE,19,5,ESTATUS,SIEMBRA
MUJER,18,1,ESTATUS,SIEMBRA
HOMBRE,20,2,ESTATUS,SIEMBRA
MUJER,24,5,ESTATUS,SIEMBRA
MUJER,22,5,ESTATUS,SIEMBRA
MUJER,18,5,ESTATUS,SIEMBRA
HOMBRE,25,1,ESTATUS,SIEMBRA
MUJER,24,1,ESTATUS,SIEMBRA
HOMBRE,18,8,ESTATUS,SIEMBRA
HOMBRE,24,7,ESTATUS,SIEMBRA
MUJER,19,2,ESTATUS,SIEMBRA
MUJER,23,5,ESTATUS,SIEMBRA
HOMBRE,24,2,ESTATUS,SIEMBRA
MUJER,25,3,ESTATUS,SIEMBRA
HOMBRE,25,3,ESTATUS,SIEMBRA
MUJER,25,4,ESTATUS,SIEMBRA
HOMBRE,25,6,ESTATUS,SIEMBRA
HOMBRE,22,9,ESTATUS,CORONA
HOMBRE,22,10,ESTATUS,CORONA
HOMBRE,22,9,ESTATUS,CORONA
HOMBRE,20,10,ESTATUS,CORONA
HOMBRE,20,8,ESTATUS,CORONA
HOMBRE,20,10,ESTATUS,CORONA
MUJER,21,7,ESTATUS,CORONA
HOMBRE,21,10,ESTATUS,CORONA
MUJER,20,9,ESTATUS,CORONA
MUJER,20,9,ESTATUS,CORONA
HOMBRE,20,9,ESTATUS,CORONA
MUJER,20,9,ESTATUS,CORONA
HOMBRE,20,9,ESTATUS,CORONA
MUJER,20,10,ESTATUS,CORONA
MUJER,19,6,ESTATUS,CORONA
MUJER,18,7,ESTATUS,CORONA
HOMBRE,19,10,ESTATUS,CORONA
HOMBRE,18,7,ESTATUS,CORONA
HOMBRE,26,9,ESTATUS,CORONA
HOMBRE,24,8,ESTATUS,CORONA
HOMBRE,24,1,ESTATUS,CORONA
MUJER,20,7,ESTATUS,CORONA
HOMBRE,18,1,ESTATUS,CORONA
HOMBRE,19,9,ESTATUS,CORONA
HOMBRE,19,6,ESTATUS,CORONA
HOMBRE,19,3,ESTATUS,CORONA
MUJER,19,10,ESTATUS,CORONA
HOMBRE,25,7,ESTATUS,CORONA
HOMBRE,19,10,ESTATUS,CORONA
MUJER,19,10,ESTATUS,CORONA
HOMBRE,20,10,ESTATUS,CORONA
MUJER,19,9,ESTATUS,CORONA
HOMBRE,20,8,ESTATUS,CORONA
HOMBRE,19,6,ESTATUS,CORONA
MUJER,18,8,ESTATUS,CORONA
HOMBRE,19,8,ESTATUS,CORONA
MUJER,18,10,ESTATUS,CORONA
HOMBRE,20,8,ESTATUS,CORONA
MUJER,24,9,ESTATUS,CORONA
MUJER,22,9,ESTATUS,CORONA
MUJER,18,1,ESTATUS,CORONA
HOMBRE,25,10,ESTATUS,CORONA
MUJER,24,8,ESTATUS,CORONA
HOMBRE,18,9,ESTATUS,CORONA
HOMBRE,24,9,ESTATUS,CORONA
MUJER,19,6,ESTATUS,CORONA
MUJER,23,9,ESTATUS,CORONA
HOMBRE,24,8,ESTATUS,CORONA
MUJER,25,10,ESTATUS,CORONA
HOMBRE,25,8,ESTATUS,CORONA
MUJER,25,9,ESTATUS,CORONA
HOMBRE,25,10,ESTATUS,CORONA
HOMBRE,22,10,ESTATUS,HEINEKEN
HOMBRE,22,10,ESTATUS,HEINEKEN
HOMBRE,22,10,ESTATUS,HEINEKEN
HOMBRE,20,10,ESTATUS,HEINEKEN
HOMBRE,20,8,ESTATUS,HEINEKEN
HOMBRE,20,10,ESTATUS,HEINEKEN
MUJER,21,8,ESTATUS,HEINEKEN
HOMBRE,21,10,ESTATUS,HEINEKEN
MUJER,20,8,ESTATUS,HEINEKEN
MUJER,20,10,ESTATUS,HEINEKEN
HOMBRE,20,9,ESTATUS,HEINEKEN
MUJER,20,10,ESTATUS,HEINEKEN
HOMBRE,20,9,ESTATUS,HEINEKEN
MUJER,20,6,ESTATUS,HEINEKEN
MUJER,19,7,ESTATUS,HEINEKEN
MUJER,18,8,ESTATUS,HEINEKEN
HOMBRE,19,9,ESTATUS,HEINEKEN
HOMBRE,18,6,ESTATUS,HEINEKEN
HOMBRE,26,10,ESTATUS,HEINEKEN
HOMBRE,24,8,ESTATUS,HEINEKEN
HOMBRE,24,1,ESTATUS,HEINEKEN
MUJER,20,6,ESTATUS,HEINEKEN
HOMBRE,18,1,ESTATUS,HEINEKEN
HOMBRE,19,9,ESTATUS,HEINEKEN
HOMBRE,19,10,ESTATUS,HEINEKEN
HOMBRE,19,1,ESTATUS,HEINEKEN
MUJER,19,10,ESTATUS,HEINEKEN
HOMBRE,25,8,ESTATUS,HEINEKEN
HOMBRE,19,8,ESTATUS,HEINEKEN
MUJER,19,8,ESTATUS,HEINEKEN
HOMBRE,20,8,ESTATUS,HEINEKEN
MUJER,19,9,ESTATUS,HEINEKEN
HOMBRE,20,10,ESTATUS,HEINEKEN
HOMBRE,19,10,ESTATUS,HEINEKEN
MUJER,18,9,ESTATUS,HEINEKEN
HOMBRE,19,7,ESTATUS,HEINEKEN
MUJER,18,10,ESTATUS,HEINEKEN
HOMBRE,20,9,ESTATUS,HEINEKEN
MUJER,24,9,ESTATUS,HEINEKEN
MUJER,22,9,ESTATUS,HEINEKEN
MUJER,18,5,ESTATUS,HEINEKEN
HOMBRE,25,10,ESTATUS,HEINEKEN
MUJER,24,10,ESTATUS,HEINEKEN
HOMBRE,18,8,ESTATUS,HEINEKEN
HOMBRE,24,10,ESTATUS,HEINEKEN
MUJER,19,7,ESTATUS,HEINEKEN
MUJER,23,10,ESTATUS,HEINEKEN
HOMBRE,24,9,ESTATUS,HEINEKEN
MUJER,25,10,ESTATUS,HEINEKEN
HOMBRE,25,9,ESTATUS,HEINEKEN
MUJER,25,10,ESTATUS,HEINEKEN
HOMBRE,25,9,ESTATUS,HEINEKEN
HOMBRE,22,8,PREFERENCIA,PILSENER
HOMBRE,22,7,PREFERENCIA,PILSENER
HOMBRE,22,8,PREFERENCIA,PILSENER
HOMBRE,20,10,PREFERENCIA,PILSENER
HOMBRE,20,6,PREFERENCIA,PILSENER
HOMBRE,20,3,PREFERENCIA,PILSENER
MUJER,21,1,PREFERENCIA,PILSENER
HOMBRE,21,10,PREFERENCIA,PILSENER
MUJER,20,10,PREFERENCIA,PILSENER
MUJER,20,3,PREFERENCIA,PILSENER
HOMBRE,20,5,PREFERENCIA,PILSENER
MUJER,20,6,PREFERENCIA,PILSENER
HOMBRE,20,6,PREFERENCIA,PILSENER
MUJER,20,8,PREFERENCIA,PILSENER
MUJER,19,1,PREFERENCIA,PILSENER
MUJER,18,2,PREFERENCIA,PILSENER
HOMBRE,19,9,PREFERENCIA,PILSENER
HOMBRE,18,1,PREFERENCIA,PILSENER
HOMBRE,26,5,PREFERENCIA,PILSENER
HOMBRE,24,10,PREFERENCIA,PILSENER
HOMBRE,24,2,PREFERENCIA,PILSENER
MUJER,20,10,PREFERENCIA,PILSENER
HOMBRE,18,8,PREFERENCIA,PILSENER
HOMBRE,19,9,PREFERENCIA,PILSENER
HOMBRE,19,6,PREFERENCIA,PILSENER
HOMBRE,19,7,PREFERENCIA,PILSENER
MUJER,19,5,PREFERENCIA,PILSENER
HOMBRE,25,1,PREFERENCIA,PILSENER
HOMBRE,19,6,PREFERENCIA,PILSENER
MUJER,19,10,PREFERENCIA,PILSENER
HOMBRE,20,7,PREFERENCIA,PILSENER
MUJER,19,8,PREFERENCIA,PILSENER
HOMBRE,20,1,PREFERENCIA,PILSENER
HOMBRE,19,6,PREFERENCIA,PILSENER
MUJER,18,7,PREFERENCIA,PILSENER
HOMBRE,19,10,PREFERENCIA,PILSENER
MUJER,18,1,PREFERENCIA,PILSENER
HOMBRE,20,1,PREFERENCIA,PILSENER
MUJER,24,6,PREFERENCIA,PILSENER
MUJER,22,9,PREFERENCIA,PILSENER
MUJER,18,6,PREFERENCIA,PILSENER
HOMBRE,25,4,PREFERENCIA,PILSENER
MUJER,24,1,PREFERENCIA,PILSENER
HOMBRE,18,9,PREFERENCIA,PILSENER
HOMBRE,24,8,PREFERENCIA,PILSENER
MUJER,19,2,PREFERENCIA,PILSENER
MUJER,23,6,PREFERENCIA,PILSENER
HOMBRE,24,9,PREFERENCIA,PILSENER
MUJER,25,10,PREFERENCIA,PILSENER
HOMBRE,25,10,PREFERENCIA,PILSENER
MUJER,25,9,PREFERENCIA,PILSENER
HOMBRE,25,8,PREFERENCIA,PILSENER
HOMBRE,22,10,PREFERENCIA,CLUB
HOMBRE,22,10,PREFERENCIA,CLUB
HOMBRE,22,7,PREFERENCIA,CLUB
HOMBRE,20,9,PREFERENCIA,CLUB
HOMBRE,20,8,PREFERENCIA,CLUB
HOMBRE,20,10,PREFERENCIA,CLUB
MUJER,21,3,PREFERENCIA,CLUB
HOMBRE,21,9,PREFERENCIA,CLUB
MUJER,20,10,PREFERENCIA,CLUB
MUJER,20,9,PREFERENCIA,CLUB
HOMBRE,20,9,PREFERENCIA,CLUB
MUJER,20,9,PREFERENCIA,CLUB
HOMBRE,20,8,PREFERENCIA,CLUB
MUJER,20,10,PREFERENCIA,CLUB
MUJER,19,1,PREFERENCIA,CLUB
MUJER,18,4,PREFERENCIA,CLUB
HOMBRE,19,8,PREFERENCIA,CLUB
HOMBRE,18,5,PREFERENCIA,CLUB
HOMBRE,26,10,PREFERENCIA,CLUB
HOMBRE,24,9,PREFERENCIA,CLUB
HOMBRE,24,7,PREFERENCIA,CLUB
MUJER,20,9,PREFERENCIA,CLUB
HOMBRE,18,10,PREFERENCIA,CLUB
HOMBRE,19,10,PREFERENCIA,CLUB
HOMBRE,19,10,PREFERENCIA,CLUB
HOMBRE,19,9,PREFERENCIA,CLUB
MUJER,19,10,PREFERENCIA,CLUB
HOMBRE,25,7,PREFERENCIA,CLUB
HOMBRE,19,7,PREFERENCIA,CLUB
MUJER,19,8,PREFERENCIA,CLUB
HOMBRE,20,9,PREFERENCIA,CLUB
MUJER,19,4,PREFERENCIA,CLUB
HOMBRE,20,5,PREFERENCIA,CLUB
HOMBRE,19,6,PREFERENCIA,CLUB
MUJER,18,9,PREFERENCIA,CLUB
HOMBRE,19,9,PREFERENCIA,CLUB
MUJER,18,10,PREFERENCIA,CLUB
HOMBRE,20,10,PREFERENCIA,CLUB
MUJER,24,9,PREFERENCIA,CLUB
MUJER,22,10,PREFERENCIA,CLUB
MUJER,18,5,PREFERENCIA,CLUB
HOMBRE,25,10,PREFERENCIA,CLUB
MUJER,24,9,PREFERENCIA,CLUB
HOMBRE,18,6,PREFERENCIA,CLUB
HOMBRE,24,8,PREFERENCIA,CLUB
MUJER,19,9,PREFERENCIA,CLUB
MUJER,23,8,PREFERENCIA,CLUB
HOMBRE,24,9,PREFERENCIA,CLUB
MUJER,25,6,PREFERENCIA,CLUB
HOMBRE,25,9,PREFERENCIA,CLUB
MUJER,25,9,PREFERENCIA,CLUB
HOMBRE,25,10,PREFERENCIA,CLUB
HOMBRE,22,2,PREFERENCIA,SIEMBRA
HOMBRE,22,3,PREFERENCIA,SIEMBRA
HOMBRE,22,6,PREFERENCIA,SIEMBRA
HOMBRE,20,6,PREFERENCIA,SIEMBRA
HOMBRE,20,5,PREFERENCIA,SIEMBRA
HOMBRE,20,4,PREFERENCIA,SIEMBRA
MUJER,21,4,PREFERENCIA,SIEMBRA
HOMBRE,21,8,PREFERENCIA,SIEMBRA
MUJER,20,1,PREFERENCIA,SIEMBRA
MUJER,20,3,PREFERENCIA,SIEMBRA
HOMBRE,20,1,PREFERENCIA,SIEMBRA
MUJER,20,6,PREFERENCIA,SIEMBRA
HOMBRE,20,5,PREFERENCIA,SIEMBRA
MUJER,20,6,PREFERENCIA,SIEMBRA
MUJER,19,1,PREFERENCIA,SIEMBRA
MUJER,18,2,PREFERENCIA,SIEMBRA
HOMBRE,19,8,PREFERENCIA,SIEMBRA
HOMBRE,18,4,PREFERENCIA,SIEMBRA
HOMBRE,26,1,PREFERENCIA,SIEMBRA
HOMBRE,24,5,PREFERENCIA,SIEMBRA
HOMBRE,24,1,PREFERENCIA,SIEMBRA
MUJER,20,9,PREFERENCIA,SIEMBRA
HOMBRE,18,9,PREFERENCIA,SIEMBRA
HOMBRE,19,1,PREFERENCIA,SIEMBRA
HOMBRE,19,2,PREFERENCIA,SIEMBRA
HOMBRE,19,1,PREFERENCIA,SIEMBRA
MUJER,19,1,PREFERENCIA,SIEMBRA
HOMBRE,25,3,PREFERENCIA,SIEMBRA
HOMBRE,19,6,PREFERENCIA,SIEMBRA
MUJER,19,6,PREFERENCIA,SIEMBRA
HOMBRE,20,7,PREFERENCIA,SIEMBRA
MUJER,19,4,PREFERENCIA,SIEMBRA
HOMBRE,20,1,PREFERENCIA,SIEMBRA
HOMBRE,19,4,PREFERENCIA,SIEMBRA
MUJER,18,3,PREFERENCIA,SIEMBRA
HOMBRE,19,5,PREFERENCIA,SIEMBRA
MUJER,18,5,PREFERENCIA,SIEMBRA
HOMBRE,20,3,PREFERENCIA,SIEMBRA
MUJER,24,6,PREFERENCIA,SIEMBRA
MUJER,22,5,PREFERENCIA,SIEMBRA
MUJER,18,7,PREFERENCIA,SIEMBRA
HOMBRE,25,2,PREFERENCIA,SIEMBRA
MUJER,24,1,PREFERENCIA,SIEMBRA
HOMBRE,18,9,PREFERENCIA,SIEMBRA
HOMBRE,24,7,PREFERENCIA,SIEMBRA
MUJER,19,1,PREFERENCIA,SIEMBRA
MUJER,23,6,PREFERENCIA,SIEMBRA
HOMBRE,24,4,PREFERENCIA,SIEMBRA
MUJER,25,10,PREFERENCIA,SIEMBRA
HOMBRE,25,7,PREFERENCIA,SIEMBRA
MUJER,25,4,PREFERENCIA,SIEMBRA
HOMBRE,25,1,PREFERENCIA,SIEMBRA
HOMBRE,22,8,PREFERENCIA,CORONA
HOMBRE,22,8,PREFERENCIA,CORONA
HOMBRE,22,9,PREFERENCIA,CORONA
HOMBRE,20,8,PREFERENCIA,CORONA
HOMBRE,20,9,PREFERENCIA,CORONA
HOMBRE,20,10,PREFERENCIA,CORONA
MUJER,21,9,PREFERENCIA,CORONA
HOMBRE,21,9,PREFERENCIA,CORONA
MUJER,20,10,PREFERENCIA,CORONA
MUJER,20,10,PREFERENCIA,CORONA
HOMBRE,20,9,PREFERENCIA,CORONA
MUJER,20,10,PREFERENCIA,CORONA
HOMBRE,20,10,PREFERENCIA,CORONA
MUJER,20,9,PREFERENCIA,CORONA
MUJER,19,5,PREFERENCIA,CORONA
MUJER,18,7,PREFERENCIA,CORONA
HOMBRE,19,10,PREFERENCIA,CORONA
HOMBRE,18,4,PREFERENCIA,CORONA
HOMBRE,26,10,PREFERENCIA,CORONA
HOMBRE,24,4,PREFERENCIA,CORONA
HOMBRE,24,8,PREFERENCIA,CORONA
MUJER,20,10,PREFERENCIA,CORONA
HOMBRE,18,9,PREFERENCIA,CORONA
HOMBRE,19,10,PREFERENCIA,CORONA
HOMBRE,19,8,PREFERENCIA,CORONA
HOMBRE,19,10,PREFERENCIA,CORONA
MUJER,19,10,PREFERENCIA,CORONA
HOMBRE,25,10,PREFERENCIA,CORONA
HOMBRE,19,10,PREFERENCIA,CORONA
MUJER,19,9,PREFERENCIA,CORONA
HOMBRE,20,8,PREFERENCIA,CORONA
MUJER,19,10,PREFERENCIA,CORONA
HOMBRE,20,5,PREFERENCIA,CORONA
HOMBRE,19,4,PREFERENCIA,CORONA
MUJER,18,10,PREFERENCIA,CORONA
HOMBRE,19,10,PREFERENCIA,CORONA
MUJER,18,10,PREFERENCIA,CORONA
HOMBRE,20,5,PREFERENCIA,CORONA
MUJER,24,10,PREFERENCIA,CORONA
MUJER,22,10,PREFERENCIA,CORONA
MUJER,18,6,PREFERENCIA,CORONA
HOMBRE,25,10,PREFERENCIA,CORONA
MUJER,24,9,PREFERENCIA,CORONA
HOMBRE,18,9,PREFERENCIA,CORONA
HOMBRE,24,8,PREFERENCIA,CORONA
MUJER,19,10,PREFERENCIA,CORONA
MUJER,23,8,PREFERENCIA,CORONA
HOMBRE,24,2,PREFERENCIA,CORONA
MUJER,25,1,PREFERENCIA,CORONA
HOMBRE,25,1,PREFERENCIA,CORONA
MUJER,25,10,PREFERENCIA,CORONA
HOMBRE,25,6,PREFERENCIA,CORONA
HOMBRE,22,6,PREFERENCIA,HEINEKEN
HOMBRE,22,8,PREFERENCIA,HEINEKEN
HOMBRE,22,9,PREFERENCIA,HEINEKEN
HOMBRE,20,7,PREFERENCIA,HEINEKEN
HOMBRE,20,10,PREFERENCIA,HEINEKEN
HOMBRE,20,9,PREFERENCIA,HEINEKEN
MUJER,21,8,PREFERENCIA,HEINEKEN
HOMBRE,21,9,PREFERENCIA,HEINEKEN
MUJER,20,10,PREFERENCIA,HEINEKEN
MUJER,20,10,PREFERENCIA,HEINEKEN
HOMBRE,20,9,PREFERENCIA,HEINEKEN
MUJER,20,8,PREFERENCIA,HEINEKEN
HOMBRE,20,10,PREFERENCIA,HEINEKEN
MUJER,20,7,PREFERENCIA,HEINEKEN
MUJER,19,7,PREFERENCIA,HEINEKEN
MUJER,18,10,PREFERENCIA,HEINEKEN
HOMBRE,19,6,PREFERENCIA,HEINEKEN
HOMBRE,18,4,PREFERENCIA,HEINEKEN
HOMBRE,26,1,PREFERENCIA,HEINEKEN
HOMBRE,24,8,PREFERENCIA,HEINEKEN
HOMBRE,24,2,PREFERENCIA,HEINEKEN
MUJER,20,9,PREFERENCIA,HEINEKEN
HOMBRE,18,8,PREFERENCIA,HEINEKEN
HOMBRE,19,10,PREFERENCIA,HEINEKEN
HOMBRE,19,10,PREFERENCIA,HEINEKEN
HOMBRE,19,1,PREFERENCIA,HEINEKEN
MUJER,19,10,PREFERENCIA,HEINEKEN
HOMBRE,25,10,PREFERENCIA,HEINEKEN
HOMBRE,19,7,PREFERENCIA,HEINEKEN
MUJER,19,6,PREFERENCIA,HEINEKEN
HOMBRE,20,5,PREFERENCIA,HEINEKEN
MUJER,19,10,PREFERENCIA,HEINEKEN
HOMBRE,20,7,PREFERENCIA,HEINEKEN
HOMBRE,19,10,PREFERENCIA,HEINEKEN
MUJER,18,8,PREFERENCIA,HEINEKEN
HOMBRE,19,8,PREFERENCIA,HEINEKEN
MUJER,18,10,PREFERENCIA,HEINEKEN
HOMBRE,20,7,PREFERENCIA,HEINEKEN
MUJER,24,9,PREFERENCIA,HEINEKEN
MUJER,22,10,PREFERENCIA,HEINEKEN
MUJER,18,7,PREFERENCIA,HEINEKEN
HOMBRE,25,10,PREFERENCIA,HEINEKEN
MUJER,24,10,PREFERENCIA,HEINEKEN
HOMBRE,18,7,PREFERENCIA,HEINEKEN
HOMBRE,24,8,PREFERENCIA,HEINEKEN
MUJER,19,9,PREFERENCIA,HEINEKEN
MUJER,23,6,PREFERENCIA,HEINEKEN
HOMBRE,24,8,PREFERENCIA,HEINEKEN
MUJER,25,1,PREFERENCIA,HEINEKEN
HOMBRE,25,9,PREFERENCIA,HEINEKEN
MUJER,25,10,PREFERENCIA,HEINEKEN
HOMBRE,25,8,PREFERENCIA,HEINEKEN
